instance,hard_cvrp_q100_bellman_ms,hard_cvrp_q100_linear_ms,hard_cvrp_q200_bellman_ms,hard_cvrp_q200_linear_ms,hard_cvrp_q500_bellman_ms,hard_cvrp_q500_linear_ms,hard_cvrp_q1000_bellman_ms,hard_cvrp_q1000_linear_ms,hard_cvrp_q2000_bellman_ms,hard_cvrp_q2000_linear_ms,hard_cvrp_q5000_bellman_ms,hard_cvrp_q5000_linear_ms,hard_cvrp_q10000_bellman_ms,hard_cvrp_q10000_linear_ms,hard_cvrp_q20000_bellman_ms,hard_cvrp_q20000_linear_ms,hard_cvrp_q50000_bellman_ms,hard_cvrp_q50000_linear_ms,hard_cvrp_q100000_bellman_ms,hard_cvrp_q100000_linear_ms,hard_vrpspd_q100_bellman_ms,hard_vrpspd_q100_linear_ms,hard_vrpspd_q200_bellman_ms,hard_vrpspd_q200_linear_ms,hard_vrpspd_q500_bellman_ms,hard_vrpspd_q500_linear_ms,hard_vrpspd_q1000_bellman_ms,hard_vrpspd_q1000_linear_ms,hard_vrpspd_q2000_bellman_ms,hard_vrpspd_q2000_linear_ms,hard_vrpspd_q5000_bellman_ms,hard_vrpspd_q5000_linear_ms,hard_vrpspd_q10000_bellman_ms,hard_vrpspd_q10000_linear_ms,hard_vrpspd_q20000_bellman_ms,hard_vrpspd_q20000_linear_ms,hard_vrpspd_q50000_bellman_ms,hard_vrpspd_q50000_linear_ms,hard_vrpspd_q100000_bellman_ms,hard_vrpspd_q100000_linear_ms,hard_vrptw_q100_wf10_bellman_ms,hard_vrptw_q100_wf10_linear_ms,hard_vrptw_q200_wf20_bellman_ms,hard_vrptw_q200_wf20_linear_ms,hard_vrptw_q500_wf50_bellman_ms,hard_vrptw_q500_wf50_linear_ms,hard_vrptw_q1000_wf100_bellman_ms,hard_vrptw_q1000_wf100_linear_ms,hard_vrptw_q2000_wf200_bellman_ms,hard_vrptw_q2000_wf200_linear_ms,hard_vrptw_q5000_wf500_bellman_ms,hard_vrptw_q5000_wf500_linear_ms,hard_vrptw_q10000_wf1000_bellman_ms,hard_vrptw_q10000_wf1000_linear_ms,hard_vrptw_q20000_wf2000_bellman_ms,hard_vrptw_q20000_wf2000_linear_ms,hard_vrptw_q50000_wf5000_bellman_ms,hard_vrptw_q50000_wf5000_linear_ms,hard_vrptw_q100000_wf10000_bellman_ms,hard_vrptw_q100000_wf10000_linear_ms,hard_vrpspdtw_q100_wf10_bellman_ms,hard_vrpspdtw_q100_wf10_linear_ms,hard_vrpspdtw_q200_wf20_bellman_ms,hard_vrpspdtw_q200_wf20_linear_ms,hard_vrpspdtw_q500_wf50_bellman_ms,hard_vrpspdtw_q500_wf50_linear_ms,hard_vrpspdtw_q1000_wf100_bellman_ms,hard_vrpspdtw_q1000_wf100_linear_ms,hard_vrpspdtw_q2000_wf200_bellman_ms,hard_vrpspdtw_q2000_wf200_linear_ms,hard_vrpspdtw_q5000_wf500_bellman_ms,hard_vrpspdtw_q5000_wf500_linear_ms,hard_vrpspdtw_q10000_wf1000_bellman_ms,hard_vrpspdtw_q10000_wf1000_linear_ms,hard_vrpspdtw_q20000_wf2000_bellman_ms,hard_vrpspdtw_q20000_wf2000_linear_ms,hard_vrpspdtw_q50000_wf5000_bellman_ms,hard_vrpspdtw_q50000_wf5000_linear_ms,hard_vrpspdtw_q100000_wf10000_bellman_ms,hard_vrpspdtw_q100000_wf10000_linear_ms,soft_cvrp_alpha1_bellman_ms,soft_cvrp_alpha1_linear_ms,soft_vrpspd_alpha1_bellman_ms,soft_vrpspd_alpha1_linear_ms,soft_vrptw_alpha1_beta1_bellman_ms,soft_vrptw_alpha1_beta1_linear_ms,soft_vrpspdtw_alpha1_beta1_bellman_ms,soft_vrpspdtw_alpha1_beta1_linear_ms
wi29,0.000817428223671,0.000636159429187,0.00107911417675,0.000618755213013,0.00128688332613,0.00060028909923,0.00128478061729,0.000609423011059,0.00130704391402,0.000655043144417,0.0013728884996,0.00066185564281,0.00131840894409,0.000620605338447,0.00131362717422,0.000606229615529,0.00131411660659,0.000669305515211,0.00141039148236,0.000673752748911,0.000725301489697,0.000816644671726,0.00109243164116,0.000782448735915,0.0012883489567,0.000772833958942,0.00130781141901,0.000810307106393,0.00127479440774,0.0007855504425,0.00130973024796,0.000794293162486,0.00136583660224,0.000803658252365,0.00138698263917,0.000838878319022,0.00134133124443,0.00079425295025,0.00135680055575,0.00082131003879,0.00079002545462,0.000809117786513,0.00113370972496,0.000795729162439,0.00133799579335,0.000782954318576,0.00132006885472,0.000824568318303,0.0013210702783,0.00078186510794,0.0012987232252,0.000780378419211,0.0012826860472,0.000777136209304,0.00132426566305,0.00079571951926,0.00129485540997,0.000781566290108,0.00130195579604,0.000819580096333,0.000697296094933,0.000964442022626,0.00109498082689,0.00096986534403,0.00134058859883,0.000947119528259,0.00129390841467,0.000928485344802,0.00132257595215,0.000965541746163,0.00137396746448,0.00099335741894,0.00137875123743,0.000955102539809,0.00134524094586,0.000965473695186,0.00130712461342,0.000939014805432,0.00131507656376,0.000950720360817,0.000873705170233,0.000686438124186,0.000902838343183,0.00101814124063,0.00147826871082,0.00145450248065,0.00138829585636,0.00216652078775
dj38,0.000965919496486,0.000699966401613,0.00151900808871,0.000693688612893,0.00214647763373,0.000669273710862,0.00217858022069,0.000665036882946,0.00214549671418,0.000711666780533,0.00213346290552,0.000702003868037,0.00215541147842,0.000683922486961,0.00211910649994,0.000659565781463,0.00212246630585,0.000663600830828,0.00211587793948,0.000661634062475,0.000849502191716,0.000887215503543,0.0012579578333,0.000872702392775,0.00213717440181,0.000947285508725,0.00251821418858,0.00101850003463,0.00245764140626,0.000998526175365,0.00235745319871,0.000967237723819,0.0023669918907,0.000930551174215,0.00224135287789,0.000918915789638,0.00224629474053,0.000898697876647,0.00224260222331,0.000923331194283,0.000983527875147,0.000968194800794,0.0015583475922,0.000943270807118,0.00222648445136,0.000936625133586,0.00222021416186,0.000929610001106,0.00223659107734,0.000885901337267,0.00212683811801,0.000904693277315,0.00212297547751,0.000876191510931,0.00213801058314,0.000885293417224,0.00218483464096,0.000912214078186,0.00217371419628,0.00092192919215,0.000836921771326,0.00115263376288,0.00128776993241,0.00115852704871,0.00218944121137,0.00117070363901,0.00223236709044,0.00115058910162,0.00222625148602,0.00111053844403,0.00219153804178,0.00113601364124,0.00218176740614,0.00111436878252,0.00213722678282,0.00112196788482,0.00214244701729,0.00111649260547,0.00220334908726,0.00113576606853,0.00120675153348,0.000706547213204,0.0013408842846,0.00118201912507,0.00228542175173,0.00176206662015,0.0022044446012,0.00267694165076
eil51,0.00193140051646,0.000946158831683,0.00299357281844,0.000952892836826,0.00490600148161,0.000961476520263,0.00497978208474,0.000953999116597,0.00500810308648,0.000942132346984,0.00490337448883,0.000955561607446,0.00495951059598,0.000928810398218,0.00480461625683,0.000911661044763,0.00483308926233,0.000934714902893,0.00483110458375,0.000920533135971,0.00173050499597,0.00125393736332,0.00277677505345,0.0012671011134,0.00487327547137,0.00126820990903,0.00496576124739,0.00123830852178,0.00486861182382,0.00124139403585,0.00498308243513,0.00125139655716,0.00489841243406,0.00125568511436,0.00487892020062,0.00124085797884,0.00489810982509,0.00122823840084,0.00491898432812,0.00127631278342,0.00181728308909,0.00133271317747,0.00300143468147,0.00128086365988,0.00498768541702,0.00129295353254,0.00480545130396,0.00129267107209,0.00474723354965,0.00125467051098,0.00481311186623,0.0012641103011,0.00481996038,0.00127871315552,0.00478972224484,0.00128253469898,0.0047578456561,0.00123542659898,0.00483110056862,0.0012609761449,0.00159029791051,0.00161951087581,0.00276884611338,0.00165399870327,0.00486670592472,0.00156360986761,0.00488322761167,0.00154837266196,0.00488202584544,0.00159305333856,0.00495427229535,0.00157279600384,0.00490031312938,0.0015824327981,0.00495704718613,0.00161013385029,0.00496842084344,0.00159344266475,0.00501693214599,0.00163352679716,0.00259172158913,0.0013038455621,0.00311706435173,0.00169846526985,0.00562922119958,0.00264499448519,0.00534105827623,0.00403536998253
berlin52,0.000950434823932,0.000620333540938,0.00152938090723,0.000581780947838,0.00279325486165,0.000576458252029,0.00298365258384,0.000593835400868,0.00302388562478,0.000561772820195,0.00311372560009,0.000574236753219,0.00308949017233,0.000601295309059,0.0030139061351,0.000588156411964,0.00300645485211,0.000601707887668,0.00303556771131,0.000600180173908,0.000797102373452,0.000777055116519,0.00132420647007,0.000776145027355,0.00271687450757,0.000770188172374,0.00315918467925,0.000754009066205,0.00308833875336,0.000760078257657,0.00309735919419,0.000770945827179,0.00309867717736,0.000759941362924,0.0030961765316,0.000763292535388,0.0030809899837,0.000766838821982,0.00311185242351,0.000781958650027,0.000986224417339,0.000821944605865,0.00159555032924,0.000822110159473,0.00294468999838,0.000786654562675,0.00314959952882,0.000780084748407,0.00314694321976,0.000774868834078,0.00315664536983,0.000777940107947,0.00318598805257,0.000781949037304,0.00318911428817,0.000807306446261,0.00316393935367,0.000779960019249,0.00319917717328,0.000787013025853,0.000846628348306,0.00103753270819,0.00135599103961,0.00104609623039,0.00280794534626,0.00102131484073,0.00324147655445,0.00101713670202,0.00328465803459,0.00103560724842,0.00329591275086,0.000986817110225,0.00320470000833,0.00100161159144,0.00319105483509,0.00103684533585,0.00331341532915,0.00102865945234,0.00348521400914,0.00108673789864,0.00173678351167,0.000822791319552,0.00212163985624,0.00122977122612,0.00393719388318,0.00195874115875,0.00348086395043,0.0026516152298
st70,0.0015056726216,0.000923044048541,0.00244813513679,0.000871254693885,0.004934134307,0.000848890669673,0.00667232923876,0.000882352525952,0.00666348819233,0.000889378244563,0.00666932326715,0.000835015193101,0.00667706504103,0.00088346725211,0.00673280952285,0.000857704285863,0.00667610890058,0.000883605321778,0.00674246531009,0.000869656077455,0.00127586822833,0.00119008374619,0.00218423811666,0.00119805244594,0.00482183326101,0.00116993253006,0.00680118884068,0.00118570795065,0.00677658284034,0.00115987079039,0.00677046194677,0.00112501631274,0.00672478884226,0.00116019106026,0.00675388854744,0.00113525547222,0.00669611158356,0.00113728881989,0.00674905682025,0.00115025294062,0.0014684733766,0.00121237397373,0.00250226329262,0.0011799187272,0.00502835477918,0.00116361721686,0.00681874467287,0.0011830511362,0.00684457433848,0.00117377897764,0.00679954987115,0.00114519727168,0.006770808366,0.00114090912202,0.00672992307744,0.00116954413509,0.00675814016355,0.0011716555711,0.00678489961801,0.00119246220789,0.00124484013763,0.0015190434887,0.00223310213306,0.00150689629711,0.00491867511362,0.00148894090251,0.00692329687067,0.00147147691991,0.00699669756865,0.0014617703208,0.00678691217092,0.00140733078606,0.00676166552846,0.00140815717287,0.00684612646165,0.00142836125542,0.00682695813052,0.00144296396342,0.00681341554814,0.00144691915355,0.00316107526814,0.00117414715821,0.00387057594055,0.00154479042601,0.00752790972531,0.00251915185195,0.00684627391915,0.00368787062989
eil76,0.0022040364724,0.00119927755664,0.00367741698231,0.00116197866375,0.00753716167836,0.00115790729099,0.0108264315177,0.00121408729773,0.0105936735278,0.00122924723358,0.0107451486042,0.00116596999959,0.0107486026914,0.00119526007664,0.0106448271824,0.00120848424205,0.0104250135524,0.00115096254998,0.0103945636921,0.00116680376597,0.0019146599475,0.00168951907888,0.00329988252453,0.00171071350367,0.00749781440022,0.0016818764359,0.0107866935614,0.00165568670434,0.0107308509497,0.00165321227411,0.0108046740786,0.00165092509588,0.0108136489468,0.00167624641493,0.0105893577593,0.00165976647109,0.0107399233173,0.00167729399076,0.0107036402753,0.00165282426346,0.00217945169354,0.00172256730918,0.00379699051134,0.00176388661054,0.00779594923288,0.00172651980919,0.010560931048,0.00172653894895,0.0104764229516,0.00165392376088,0.0106952299465,0.0016629638006,0.0105521589566,0.00165882210478,0.0107057318431,0.00172884629016,0.0107144602066,0.00176769192696,0.0105958337307,0.00172950409979,0.00195796254418,0.00211560252179,0.0034054794054,0.00210237736833,0.00759737891738,0.00206541158489,0.0110629923002,0.00203483429344,0.0108298100457,0.00203964249146,0.0108521617398,0.00207093361829,0.0109261395918,0.00205237243992,0.0108601867941,0.00199576897823,0.010767529503,0.00202845713984,0.0109263565044,0.00200736300751,0.00530000529998,0.00172713063153,0.00656571267243,0.00233111877271,0.0127454754015,0.00374975720419,0.0118462713973,0.00554257241356
pr76,0.00217269407008,0.00110643924222,0.00349629917103,0.00108621142867,0.00626425743567,0.00107833918512,0.00941842241582,0.00109694938681,0.0093145707393,0.00108895195118,0.00923577926576,0.0010247256041,0.00908921024168,0.00104198360335,0.00960721113662,0.0010965463246,0.00930172918973,0.00108675915702,0.00910251228837,0.00106304607348,0.00146239812579,0.0014509801361,0.0024598515727,0.00150314834105,0.00541773982956,0.00144415176302,0.00886159135821,0.00145554475218,0.00929979540593,0.00141824458195,0.00911265013031,0.0013970948809,0.00920791322523,0.00141866793022,0.00916994644757,0.00138979943824,0.00924890401583,0.00143537304628,0.00928597827096,0.00143559434205,0.00200238884751,0.00153815307992,0.00321041716161,0.00149353374565,0.00620437159148,0.00151570189811,0.00951049948644,0.00151889351645,0.00946394738087,0.00146362671702,0.00912880668955,0.00147251480244,0.00950172931474,0.00145868280942,0.00939156077724,0.00143679193098,0.00921812835309,0.001443002886,0.0091479865342,0.0014744217318,0.00146652871534,0.00179794027962,0.00252833885775,0.00182266889761,0.00547300729,0.00174270069813,0.00902044921523,0.00175766076444,0.0098397307855,0.00175620995841,0.00964592798372,0.00168270052702,0.00950060328529,0.00173023724989,0.00939078581624,0.00171803594131,0.00933538088125,0.00177508595854,0.0093423112855,0.00173431657521,0.00422893257833,0.00120908432508,0.00537416431996,0.00194423360332,0.0102990957403,0.00329612672923,0.00935482422496,0.00449915191326
rat99,0.00255466596499,0.00125887823878,0.00473953514825,0.00130976717625,0.0108866486675,0.00127124730972,0.0161235529328,0.00127193612846,0.0168549806169,0.00128124275298,0.0169065242016,0.0012847686969,0.0166716236267,0.00128393731824,0.0167887818145,0.0012892608546,0.0169540545581,0.0012796331036,0.0167557514117,0.00132446604205,0.00226402108256,0.0018034171079,0.00428403005663,0.001797867731,0.0105457948853,0.00184029547784,0.0167961637946,0.00178950278715,0.0170654459197,0.00180142528769,0.0171047311166,0.00174958709786,0.0171970937231,0.00176355200181,0.0169232878103,0.00174796755073,0.0169965497315,0.00176903168513,0.0169550356053,0.00174609834714,0.00262410714754,0.00185072613167,0.00486214390945,0.00185519649294,0.0111151631691,0.00177892439223,0.0169446929646,0.00186197227156,0.0172265249522,0.00179215824025,0.017402199638,0.00183675980876,0.0171541984733,0.00177576366717,0.017295157385,0.00183240979972,0.0170850489484,0.00177036448228,0.017044263776,0.00179173116892,0.00216735191041,0.0023096868071,0.00431928559088,0.0022055672818,0.00992687890249,0.00221284420723,0.016510740172,0.00216341074001,0.0171195281872,0.00218804495995,0.0173887043767,0.0021564969863,0.0172381962042,0.00216133466471,0.017194363727,0.00216617350166,0.0168896620446,0.00222091435044,0.0173548879749,0.00219404537277,0.00761645911878,0.00178393710564,0.00980704730896,0.0025006126501,0.0184262865987,0.00404647775049,0.0169393908595,0.00576498022622
kroA100,0.00271657462016,0.00132123175548,0.00495533763125,0.00129415959301,0.0110774863194,0.00130339142109,0.0164462626429,0.00130997731119,0.0168366529169,0.00128119715062,0.0171180095517,0.00128006026518,0.0169791496876,0.00122762198573,0.016982609877,0.00124733849149,0.0168509537611,0.00123981616024,0.0172123653138,0.00130853913383,0.00221953904613,0.00185881047401,0.00397130341889,0.00181542419159,0.00949718410181,0.00180866822333,0.0158867600801,0.00178061092761,0.0173882213837,0.00178308741586,0.0171682289521,0.00177338785904,0.0173004169334,0.00176700163094,0.0172467274891,0.00177961770291,0.0171180800438,0.00177847197398,0.01754543381,0.00178629023615,0.00276673177696,0.00188948407637,0.00514685401065,0.00186474461416,0.0115987983669,0.00193465508969,0.0174263309227,0.00195157560299,0.0179499919226,0.0018716971597,0.0174191328886,0.00180366396297,0.0174172254637,0.00183185441916,0.0173889198025,0.00185235452548,0.0176123566812,0.00181421363817,0.0175901671064,0.00178112153661,0.0021763353994,0.00232698456283,0.00396147081194,0.00225538585064,0.00952065501976,0.00221260429643,0.0161702402898,0.00220164903513,0.0176573613024,0.00220675265638,0.0174786150001,0.00215183303531,0.0174298886236,0.00216152404585,0.0175435598751,0.00215671773769,0.0172802661137,0.00215939562896,0.0172827589783,0.00213812272824,0.00770709281624,0.00147725980125,0.0102568284152,0.002504437855,0.0179138168855,0.0043106878982,0.0171433004183,0.00574105118122
kroB100,0.00281291859703,0.00131650925636,0.00524582828426,0.00130103302022,0.0120254458434,0.00132192906271,0.0171201999623,0.00128086566025,0.0171237349955,0.00130239536556,0.0168317848246,0.00129867431326,0.0169853757962,0.0013204715135,0.0169677786073,0.00129788172935,0.0170737066758,0.00130367348748,0.0175537221998,0.0012920640294,0.00202104920644,0.00182691478556,0.00356980380398,0.00184362227167,0.00884146449286,0.00182202163829,0.0154772561948,0.00179875058909,0.0175946759096,0.00177488472147,0.0174008943952,0.00178024004757,0.0173662886616,0.00176718274242,0.0176966270263,0.00181206397298,0.0175562851124,0.00182610410599,0.0176034713421,0.0018050671846,0.00282597404065,0.00186579534111,0.00507123550263,0.0018696744713,0.0117062335382,0.00181899391547,0.0173478939699,0.00185725349628,0.0175431994807,0.00179281832834,0.0173040664475,0.00173608572088,0.017084533511,0.00177772089071,0.0172346310946,0.00179414677556,0.0174480406183,0.00179913713383,0.0173558263043,0.00183491288751,0.0020160904014,0.00235707854257,0.00355850514914,0.00227977612621,0.00884747892097,0.00223816632609,0.0155745234239,0.00217289018007,0.0175234198398,0.00219576043423,0.0174127285391,0.00214961306965,0.0173243247925,0.00213269636802,0.017262087656,0.00214047724033,0.0172344202399,0.00214815141015,0.0174477963499,0.00217399338671,0.00792261984931,0.00163548240959,0.0101047047411,0.00250065266969,0.0188456203829,0.00446654339019,0.0181651377813,0.00568524403764
kroC100,0.00257387926974,0.00138757454744,0.00463273957055,0.0013410879431,0.010501916594,0.0013504188324,0.016655108091,0.00135257136829,0.0183672880889,0.0013527822645,0.0184388022274,0.00136889677981,0.0184283608219,0.00133666385076,0.0182953767906,0.00134652704093,0.018702225547,0.00134318288357,0.0181917591413,0.00132104410042,0.00207763922247,0.00190661058701,0.0037186997977,0.00188871512727,0.00861738980568,0.00189603842128,0.0158118240465,0.001832023743,0.0179732561692,0.00183587479346,0.0178851251051,0.00186586844894,0.0180054376204,0.00189258826068,0.0181782370799,0.00189648240444,0.0182803816906,0.00182273566558,0.0181029507603,0.00189001638641,0.00253798732529,0.00199170256711,0.00461518580738,0.00199531500038,0.0106773546024,0.00197587847557,0.0167513107861,0.0018828261946,0.0180962523299,0.00192422405665,0.0183565843093,0.00191744259177,0.0186539509029,0.00197645452084,0.0179761279885,0.00192577863967,0.0183294902579,0.0018969896671,0.0184102507456,0.0019164376526,0.00204568208087,0.00244063651673,0.00371549802336,0.00247308910778,0.0088644192499,0.00239810933438,0.01602193383,0.00234352216616,0.0182390566864,0.00233267396482,0.0181470257322,0.00227601942808,0.0182802537292,0.00227833672804,0.0185951318383,0.00238855263409,0.0185821796897,0.00236069130277,0.0181144823838,0.00232099802716,0.00836949498669,0.00173713952183,0.0104529775158,0.00256518125571,0.0182080806977,0.00453794630702,0.0179767742863,0.00592369161508
kroD100,0.00239159071396,0.00133973907242,0.00424265810218,0.00133793180033,0.00938833602463,0.00132046976986,0.0158436262239,0.00127451657635,0.0173586071621,0.00130386596258,0.0183429939285,0.00136072515693,0.0181610671219,0.00135208037847,0.0175237794834,0.00130430132491,0.017602798803,0.00129342977136,0.0173022821254,0.00130660671961,0.00207166932876,0.00187622892995,0.0036737263229,0.00188132076111,0.00914573673188,0.00189997055052,0.0158362075791,0.00183124693266,0.0176448459611,0.0018023701167,0.0173098267297,0.00175397978012,0.017409930535,0.00180707505317,0.0175279920073,0.00183208568298,0.0176169050807,0.00183198834855,0.0178098808527,0.0018532814168,0.00241717447372,0.00196901366297,0.00428869246736,0.00193641959889,0.00981576984236,0.00193165794201,0.0163056465946,0.00187239293211,0.0181258111292,0.00184869722437,0.0170269023173,0.00176296749444,0.0173397721558,0.00177726632105,0.0175690718389,0.00177457742917,0.0174234763216,0.00172925586736,0.0179157425157,0.00183294047348,0.00211102057187,0.00237599346127,0.00382382159614,0.0024985907962,0.00975652708398,0.00249596777213,0.0164944496676,0.00222741183913,0.0179231637811,0.00214080258609,0.0175167370246,0.0021333284978,0.0177645846657,0.0022449180718,0.0175072654062,0.00217625488297,0.0175807563158,0.00215654780518,0.0173414837166,0.00217157623861,0.00828514971251,0.00146025198083,0.0116644271034,0.00289878888721,0.0214305123974,0.00519017812656,0.0202065509507,0.00685990053164
kroE100,0.00255306150064,0.00141600279802,0.00443570465393,0.00142939026499,0.0102186877306,0.00140793512235,0.0169842048948,0.0013997584017,0.0187793093087,0.00141467727675,0.0194472404807,0.00141565541883,0.0194213439503,0.00143249790139,0.0193391866019,0.00141264087561,0.0195659166504,0.00144041864244,0.0199878075593,0.0014703713125,0.00239936944697,0.0021268947974,0.00410031818405,0.00208318351787,0.00976991842118,0.00200660171966,0.0164938395817,0.00196460762896,0.0190309627572,0.00199591436738,0.0194342933769,0.00193814794644,0.0190401553664,0.00196843425147,0.0191270418117,0.0019713056746,0.0190345661153,0.00199154192988,0.0191740806074,0.0019790595914,0.00261793649422,0.00211205707612,0.00452886696919,0.00204336427668,0.0104449817737,0.00209230408711,0.0169953772944,0.00207545955863,0.0194544870922,0.00208903372711,0.0195253436426,0.00211434370771,0.0192998224418,0.00209903003919,0.0195502140721,0.00205066769473,0.0193210518181,0.00209756389173,0.0192898285141,0.00205208388911,0.00224746093355,0.00267781351171,0.00391135344022,0.00260424126733,0.00959197728624,0.00247002260068,0.016111766317,0.00241492811966,0.0188169878067,0.00241815161327,0.019037217537,0.00246855313308,0.0191213430724,0.0025251835803,0.0192412452859,0.00245027908595,0.0192251807136,0.00247114206073,0.0188868680001,0.00247919218164,0.00888275684414,0.00197428886186,0.01160720338,0.00287590483065,0.0219366266699,0.00551642513943,0.0219174173187,0.00687413558437
rd100,0.00237729825079,0.00131427591355,0.00412513561343,0.00130475871121,0.00949592152618,0.00126478694032,0.01503165632,0.00127906024885,0.0167629240982,0.00124446524084,0.0170332657685,0.0013071792901,0.0169421431597,0.00127987841167,0.0169413159856,0.00128647771758,0.0169204412785,0.00129182405374,0.0167674882629,0.00130244925337,0.00216023313236,0.00184274760489,0.00371978142564,0.00180823178615,0.00921744660847,0.00180097432711,0.0154615551123,0.00177704168762,0.0176119408242,0.00178225340767,0.0172080601587,0.00176960456416,0.0170878302177,0.00177162668991,0.0171666008618,0.00175495598579,0.0174639807199,0.00179454136952,0.0168647463573,0.00175957073555,0.00238195858731,0.00182763750674,0.00418309782563,0.00187850246083,0.00937993265235,0.0018455003977,0.015390704117,0.0018459280754,0.0174330666109,0.00184048853928,0.0175421008315,0.00184541525493,0.0172177858127,0.00180393907743,0.0169403703139,0.00182947314885,0.0169982321945,0.00180655091493,0.0172233168564,0.00184288315384,0.00215922561533,0.00232316638285,0.00372787325256,0.00227732560258,0.0091040868164,0.00225201836743,0.0153415461086,0.00213763825175,0.0176037284138,0.00219850501808,0.0170265953824,0.00215766704642,0.0172356084109,0.00209935843606,0.0173005259334,0.00215720874446,0.0171960345984,0.00223133822145,0.0176642584611,0.00220335614537,0.00791210469266,0.0017890499627,0.0103405095752,0.0025504905849,0.0183007887561,0.00429197872897,0.0176371540944,0.0057094856921
eil101,0.00251734702097,0.00135686450636,0.00443496347808,0.00135191952293,0.0102240489117,0.00134393067468,0.0166823034833,0.00135076723579,0.0178827253219,0.00134705352248,0.0185495455389,0.00139065757178,0.0186701766178,0.00138369756829,0.0187806261386,0.00140878942845,0.0185424338507,0.00138549389344,0.0184928434056,0.00139319369831,0.00230988651562,0.00191857212474,0.0041228442678,0.00194297005695,0.00947348377195,0.00190165044242,0.016711268194,0.00195497119353,0.0189877150344,0.00193650959637,0.0188982519134,0.0019487194977,0.0190009500466,0.00192813456837,0.0195697455969,0.00199416110795,0.0197173334385,0.00200042408906,0.0190837388599,0.00195530953466,0.00274209523287,0.00204974316718,0.00454291918609,0.00205351037331,0.0106283585579,0.00196329046824,0.0167714755308,0.00196769636114,0.0187054301266,0.00196815334261,0.0190026033254,0.00201366067401,0.0188945508824,0.00200233873164,0.0191250956242,0.00199400801192,0.0190519918459,0.00201888666587,0.0191685292032,0.00202296667172,0.0024034754185,0.00262153695315,0.00419127712277,0.00260944932846,0.0100141097537,0.00258051863263,0.017222792484,0.0025509550728,0.0195469809809,0.0025882395571,0.0193851745595,0.00255386858853,0.0190263513385,0.00253589560225,0.0191462569405,0.0025324456285,0.0192297944349,0.00253996637085,0.0191185714832,0.00252056400084,0.00897195381261,0.00214765315436,0.0117630362415,0.00293155407545,0.0218589665122,0.00481204165303,0.0202070602974,0.00709186068777
lin105,0.0033900488506,0.0014238416348,0.00612503598444,0.00144438955764,0.0125371788925,0.00146472073634,0.0203308191189,0.00145811704597,0.0209692381891,0.00146450983637,0.0207752363145,0.0014398655167,0.0208241847487,0.00141795298635,0.0205546648579,0.00140612564576,0.0203339840176,0.00141709439256,0.0208222629409,0.00145743488545,0.00267589582213,0.0020105473313,0.00487143351244,0.00201385938025,0.0115194217256,0.00201228903686,0.0190172485927,0.00197391671667,0.0208999728301,0.00195251297932,0.0206954533226,0.00198563789546,0.020642411857,0.00194221521298,0.020766748349,0.00195566889743,0.0207723562037,0.0019620769762,0.0206844620031,0.0019600003136,0.00332742494169,0.00207306733115,0.00588589624363,0.00206274456415,0.0121645865265,0.00199829745057,0.0194405606641,0.0019663247228,0.0203902006362,0.00200476934149,0.0203827887732,0.00197902236295,0.0201786391703,0.00198418802147,0.0202281738005,0.00200143903323,0.0202340003642,0.00194288323295,0.0206880301212,0.00199511197566,0.00248347128989,0.00260339221327,0.00471125234385,0.00254979754607,0.0114499925576,0.00258013504413,0.0179445879989,0.00241548469067,0.0197797139862,0.0023452927629,0.0199401806544,0.00239707221892,0.0199097298266,0.00242005251503,0.0198746919469,0.00238046166627,0.0201276467273,0.00241697684536,0.0202856157576,0.00245155367059,0.00933925752977,0.00174458872193,0.0119380416876,0.00275616552378,0.0216211190867,0.00500470942686,0.0219597487868,0.00653942584358
pr107,0.00260468478136,0.00138518160423,0.00471817482673,0.00137143734863,0.0109595923064,0.00135434507324,0.0178511397919,0.00137611964535,0.0197170432588,0.00133842290952,0.0191300263994,0.00133034626253,0.019351555848,0.00132464542554,0.0191087076988,0.0013368840975,0.0191215151631,0.00132605417992,0.0194706386293,0.00132195527565,0.00218629152857,0.00187067664109,0.00378333970195,0.00185124848198,0.00969900294848,0.00183917362333,0.0165523628238,0.00179646456481,0.0192649687909,0.00180890705836,0.0196510965257,0.00179192701847,0.0193986149638,0.00186062781304,0.0193287782438,0.00174444264185,0.0193054113014,0.00177880414674,0.01949361586,0.00180249032063,0.00257308967963,0.00189747389553,0.00438264825374,0.00186314830445,0.0103107632982,0.00181222635409,0.0171860177356,0.00182691295865,0.0191072663699,0.00182433995446,0.0190070896373,0.00184336214508,0.0187266479401,0.00180201934288,0.0186960439725,0.001802828277,0.0187044179261,0.00181617263793,0.018934128562,0.00183239453653,0.00210662658471,0.00230977288003,0.00410393154676,0.0024441177477,0.0100215160443,0.00241680402156,0.0171613495564,0.00227964391962,0.0202154321986,0.00236145502977,0.0202044044853,0.002296593237,0.0199875679565,0.00231723933375,0.0197357015986,0.00222363768973,0.0196223927163,0.00224864631492,0.0193198740364,0.00224313320847,0.00861500555666,0.00147650293233,0.011131495169,0.00253234302037,0.0202674854583,0.00437702765401,0.0202554587806,0.00572905602438
pr124,0.00324258342331,0.00140325470897,0.00605426431681,0.00141738220845,0.0146190775528,0.00143887727396,0.0239753536322,0.00143569389888,0.0257516030181,0.00141894430649,0.0261193125424,0.00138138284573,0.0266195331009,0.00143609451225,0.026374116468,0.00139663968827,0.0260194624411,0.00141331769262,0.0260762972621,0.00145743700957,0.00266117224403,0.00207347345853,0.00534786700964,0.00212703929485,0.0138065994754,0.00210492171812,0.0235262551169,0.00203556743421,0.027096924536,0.00205581744359,0.0298991209711,0.00236379151401,0.0307033159349,0.00235131144265,0.0298905726925,0.00224981214087,0.0293862180429,0.00226712356718,0.0300979984951,0.00226855107643,0.00365126808287,0.0021845434964,0.00622481450127,0.00218294120472,0.0154465091134,0.00213640519916,0.0247624801902,0.00214067855025,0.0260557321522,0.00206476116931,0.026831285216,0.00209949045469,0.0266526385928,0.0020693050253,0.0267899967853,0.00202869587445,0.0266152822506,0.00205157027031,0.027106990865,0.00207798668429,0.00277441550118,0.00274421246748,0.00512919887363,0.00271246565347,0.0135933583449,0.00264456515415,0.0231623199148,0.00250798794159,0.0270066974533,0.00252200448917,0.0271715846104,0.00251684649517,0.0271200574931,0.00251473757535,0.0271079425319,0.00253377775751,0.0265945694378,0.00255322842969,0.0268337671398,0.00249365986978,0.0118124195282,0.00186955026099,0.0159160751233,0.00295199185252,0.0275236561803,0.00537561953705,0.02661746074,0.0068122211247
bier127,0.00227494016907,0.0010431683945,0.00425083209705,0.000929460457499,0.010493410145,0.000899778204673,0.0179392042193,0.000972550754942,0.0201837521445,0.000947605921021,0.0202721522836,0.000951585245861,0.0200578265404,0.000959661584939,0.0199842925659,0.000960401678398,0.0203131423928,0.000965766475735,0.0199552212001,0.000978137645486,0.00176478000296,0.00131412738087,0.00334688037592,0.00130474509221,0.00908886162236,0.00132290663463,0.0167700524895,0.00129551802584,0.0201621637969,0.00127954924084,0.020167043117,0.00128425097346,0.0202760340633,0.00128369539962,0.020162183959,0.00130038166202,0.0204696538595,0.00125058589891,0.0205625398392,0.0012924998966,0.00221399821109,0.00138359610103,0.00428295729044,0.0013620614507,0.0108220639799,0.00134931232366,0.0183148477134,0.00135852534938,0.0207589105931,0.00132754084171,0.0205702883943,0.00130288876207,0.0206243735434,0.00132499645563,0.0207773114482,0.0013037737694,0.0203595016084,0.00130108210999,0.0203341873564,0.00131632944534,0.00179939468423,0.00182798981444,0.00344582659963,0.00178349625555,0.0090752427625,0.00173785371805,0.016648453368,0.00174795096653,0.0207572857855,0.00168479106927,0.0208537734865,0.00165520055217,0.0206895353168,0.00166436429606,0.0207602242059,0.00171365973949,0.0207496991327,0.00167854852842,0.0205633238058,0.0016463875823,0.00863615244445,0.00112366242035,0.0119154840632,0.00200853021931,0.022026387084,0.00357741510811,0.0195567528455,0.004649559456
ch130,0.00248770949582,0.00106762432473,0.0048031393193,0.00104232137478,0.0124922861676,0.00104626259308,0.0204318200392,0.00104873025112,0.0224505982983,0.0010343828516,0.0228767185963,0.00102044564902,0.0227636922377,0.00103625654396,0.0228526931603,0.00105150149155,0.0228511036973,0.0010577208865,0.022557600776,0.00099932645397,0.0019240093276,0.00142199975826,0.00385745916879,0.00138528991289,0.0106365299523,0.00137899598161,0.0190292097201,0.0013196869181,0.0225485805768,0.00130866716309,0.0225362945936,0.00137735924422,0.0227677246027,0.00137111341153,0.0224920042284,0.00133906945479,0.0224376584622,0.00132637956739,0.0227470770211,0.0013750580962,0.00248728254976,0.0014847251628,0.00496274478665,0.0014690694767,0.0126010660417,0.00148043969059,0.0205413388657,0.00142823273338,0.0230869424693,0.00146625347685,0.023075779952,0.00143029124992,0.023045214666,0.00143001165459,0.0231894304795,0.00142724694605,0.0232421559057,0.00145791588425,0.0236957727122,0.00148708099676,0.00206595129731,0.00202785049875,0.00401599164675,0.00198743742063,0.0112972276825,0.00196579136705,0.0205081620934,0.00197475868497,0.0241647053138,0.0018804009763,0.0263049768519,0.00215047751353,0.0261001461607,0.00216423046457,0.0239349225725,0.0018470563463,0.0238936515901,0.00188840293987,0.0239564956999,0.00185231149952,0.0100194878063,0.00146342966106,0.0144797214138,0.00243911011596,0.0267482212593,0.00455342758919,0.0228236448705,0.00517630494648
pr136,0.00350705618293,0.00144658136659,0.00659063078738,0.00145847644633,0.0150229700293,0.00141728519293,0.0258761838224,0.00140412165872,0.0321392575928,0.00139697917525,0.0316506725748,0.00138614739737,0.032176029601,0.00139005058389,0.0321142939722,0.00139593587635,0.0320713575575,0.00137113785132,0.0324640306454,0.00142682051597,0.0026957401956,0.00207760037397,0.00525995707884,0.00205363894188,0.0140490446755,0.00200315496592,0.0254571814062,0.00198420575379,0.0326208572547,0.00195224996584,0.0323707959732,0.00195208795327,0.0324892787524,0.00197150196756,0.0318411768452,0.00185469069354,0.031880638888,0.00191810284474,0.0321720876363,0.00186223740151,0.0034174432791,0.00202990658379,0.00648513618677,0.0020056740462,0.0146528199042,0.00193357967114,0.0254395319257,0.00196872096137,0.0312435092324,0.0018639606928,0.0318484028154,0.00188752085708,0.0331655279915,0.00196939559249,0.0321213863549,0.00191969177491,0.0317484602197,0.00190580201786,0.0319940173401,0.0018943412239,0.00266096156507,0.00268248977971,0.00532249325378,0.00262205674131,0.0133227950973,0.00254882779644,0.0249829369441,0.00249787556108,0.0322250580046,0.00241671540361,0.0326743122264,0.00247410480792,0.0326277650897,0.00245116552688,0.0323649427147,0.0024409473805,0.0320920381246,0.00239731932022,0.0327801815977,0.00244048868345,0.0139300997381,0.00158605698697,0.0186923623313,0.00298425511724,0.0326326970142,0.00533317333845,0.0304745086089,0.00668919361852
pr144,0.00337790245979,0.00144713128217,0.00649360381304,0.00144182592836,0.0165351532789,0.00141016276099,0.0286498495917,0.00136690774339,0.0359968323674,0.00140835293289,0.0350481547682,0.00135807197238,0.0350187344609,0.00133974086732,0.0348181121827,0.0013497170993,0.035329906377,0.00137791100633,0.0350916587711,0.00139779595534,0.00281059424335,0.00211369569123,0.00544442871609,0.00200470100976,0.0150882960906,0.00192069275477,0.0280497040756,0.00194873653667,0.0360374067534,0.00190720330174,0.0357455676294,0.00190286456946,0.0361057515254,0.00190958861732,0.0372889850101,0.00190746887017,0.0370405215201,0.00196282411133,0.0367828373855,0.00193209846727,0.00355564405159,0.00216061586195,0.00679593875512,0.00211429217797,0.0168994152837,0.00217250781016,0.0300419082525,0.00206025200977,0.036763105654,0.00205556606178,0.0369304970825,0.00217589717591,0.037964314187,0.00218651620535,0.0377124863295,0.00210383465559,0.0372498323773,0.00211015638353,0.0366856817932,0.0020845927748,0.00296594505296,0.00278261147826,0.0056069009599,0.00270920016364,0.0152748060121,0.00268131555803,0.0289700744518,0.00263415334445,0.0363125022695,0.00254848352791,0.0357099700043,0.00263033563049,0.0367203128442,0.00262612627991,0.0368955135773,0.00261246509101,0.0367745007906,0.00263299078192,0.0366117009592,0.00262796894792,0.0153738277527,0.00203152520818,0.0214385893451,0.00315719982193,0.0358770135974,0.00561168911336,0.03165095743,0.00632727606345
ch150,0.0028535449518,0.00127140732076,0.00530063024431,0.00118012063193,0.0133639097141,0.00120983448288,0.0256328147028,0.00121499839621,0.0330623553528,0.00121255038147,0.0325087285849,0.00119899188762,0.0325724057065,0.00121556996138,0.0324733560643,0.00122431239555,0.0330529499256,0.00124163637086,0.0364850596519,0.00138570369498,0.00250019001425,0.00191917774831,0.00464846484602,0.00180210702353,0.0130419296781,0.00180085756837,0.0239055985848,0.00161116114657,0.0329088126892,0.00164893676664,0.0328503711977,0.00159098929107,0.0329501153213,0.00158060442253,0.0327906023543,0.00160233716665,0.0327804366354,0.00157185409436,0.0329784322132,0.00162488808583,0.00288125772536,0.00176551355207,0.00555431262879,0.00186732296845,0.0149178327416,0.00181891930728,0.0268617975717,0.00179590605256,0.0345892220954,0.0017669235771,0.0334612193,0.00165397026498,0.0332342971087,0.00166621401186,0.0335655019635,0.00167420391763,0.0334198776861,0.00170459097487,0.0343368699354,0.00171801528003,0.00239172893128,0.00244930194964,0.004493284806,0.00240412258116,0.0126531151938,0.00226929404743,0.0247675104022,0.00220956829541,0.0344278927256,0.00220870448697,0.0343945313844,0.00217524618299,0.0343772774149,0.0021687881029,0.03444893038,0.00219959043708,0.0342536480099,0.00215049106365,0.035860826221,0.00227082803473,0.0151432703374,0.00187905829209,0.0203294978654,0.00279471744094,0.0351845049609,0.00501130549389,0.0320436746988,0.00629586677999
kroA150,0.00415431591017,0.00152201825507,0.00800190444183,0.00151688595759,0.0203018251213,0.00150458220051,0.0336014582843,0.00147578316045,0.0388167915227,0.00145827864788,0.0389635704824,0.0014607440431,0.0387395599287,0.00146837271998,0.0389128759874,0.00146079873553,0.0391033080472,0.00139600463474,0.0380109468243,0.00141902686073,0.00318631986796,0.002031917293,0.00675573390622,0.00201790283394,0.0177951099722,0.00207727030064,0.0329960735144,0.00207020049892,0.0391261395203,0.00203260085247,0.0396980667699,0.00208442034876,0.0399857251389,0.00204243360048,0.0404895942991,0.00214743885705,0.0395600917794,0.00210549575954,0.0395534153384,0.00208891892287,0.0041800861096,0.00223875919011,0.00813896440024,0.00218818599562,0.0202718832354,0.00212371250058,0.0347334931055,0.00216687974275,0.0397668509166,0.00203342951436,0.0395344139158,0.0020617727104,0.0390871247655,0.00205569283015,0.0388283051835,0.00209491208701,0.0390247414634,0.00210513906549,0.0398994533775,0.00215975724329,0.0034903805209,0.00297346190557,0.00699298606303,0.0028602319076,0.01847254087,0.00274161683788,0.0336579044798,0.00284311172269,0.0396671558905,0.00274342401264,0.0398053178362,0.00262839720339,0.0402057652877,0.00270872779182,0.0402289403814,0.00272566260725,0.0400064407729,0.00271816219801,0.0400348292566,0.00276525519106,0.0171566387016,0.0022334540143,0.0240602218319,0.00339694207886,0.042741077916,0.00640162984681,0.0400793154583,0.00787769121088
kroB150,0.00352600420298,0.00151818710423,0.00677131945667,0.0015475140011,0.0168308507953,0.00155665680266,0.0302444350351,0.00152088247685,0.0400163665466,0.0015038521172,0.039555397334,0.00152762552474,0.0392102023212,0.00148854195972,0.0393039342845,0.0014796481992,0.0391426726163,0.00146688953497,0.0400729713484,0.00152493652452,0.00283695753934,0.00222569107501,0.00555696146259,0.00220684784888,0.0138874708366,0.00214935401294,0.027837017036,0.00216077675525,0.04028306143,0.00219113947904,0.0402603969564,0.00211288264228,0.0398116167045,0.00218749671876,0.0393405979544,0.00206353628213,0.0395085730088,0.0019914407875,0.0401066415336,0.00213813157608,0.00366441305264,0.00222361246998,0.00687911369765,0.00222494331974,0.0168029035185,0.00217821007944,0.030152173913,0.00216466327681,0.0399613986014,0.00214714590915,0.0397131170327,0.00212241649369,0.0401712460834,0.00213321472683,0.0400801603206,0.00212967809948,0.040208837602,0.00207400002489,0.0400074011842,0.00214431895426,0.00272844397152,0.00295928042353,0.00523353011367,0.00283534075057,0.0141141832861,0.00275413050723,0.0276513756394,0.00270497173307,0.0397326473042,0.00272159942955,0.0403017772942,0.00268759675339,0.040207060148,0.00269475950643,0.0398309236468,0.00263995997825,0.0401475771809,0.00269808220509,0.0400853810077,0.00267136827483,0.0169528039601,0.00220758303255,0.0242610204032,0.00323821936971,0.0419808992066,0.00609057245004,0.0383705011127,0.0075756157057
pr152,0.00359824262182,0.00144023527683,0.00738344937573,0.00146152395874,0.019022122463,0.0014822910861,0.0321944498101,0.00145222705166,0.0375555805919,0.0013979810378,0.037166579945,0.00140568091887,0.0373532795458,0.00143384593325,0.0378780016665,0.00143751069149,0.0380257424237,0.00141271612769,0.037467590858,0.00145160002613,0.00294395902025,0.00214761410811,0.00685553377026,0.00229543346922,0.0177150221435,0.00215200222086,0.0315032920644,0.00206802770327,0.0404462689585,0.00206269131443,0.0400689558458,0.00200695609592,0.0409739408342,0.00206258920689,0.0408667756436,0.00204863243678,0.0404563476009,0.00200532613556,0.0407209463311,0.00208683811837,0.00409866711479,0.00225059190508,0.0085672526644,0.00233524200064,0.0211753096877,0.00226364696162,0.0351558094568,0.00217890301059,0.0408270596881,0.00216505009916,0.0405834178808,0.002155748519,0.0407656027068,0.00209206771605,0.0397335108074,0.00215343666958,0.0402371142317,0.00212710263675,0.0402355355275,0.00215009374409,0.00313698204712,0.00298058747262,0.00650305643347,0.00294676092363,0.0173036060354,0.00277334812452,0.0327307302065,0.00278884854367,0.0421470898133,0.00276859037362,0.0411001602893,0.00280675528511,0.0419435450046,0.00286506681336,0.0419237831719,0.00285350667435,0.0420489866285,0.00271642974919,0.0420284945785,0.0028328611898,0.0177635178343,0.00220059768233,0.0236886177899,0.00327295816505,0.0401177438119,0.00628385426485,0.0392415633339,0.00760845449773
u159,0.00337429730259,0.00126711395789,0.00659146277157,0.00126389141667,0.017273630208,0.00119248069374,0.0293288852392,0.00124048180217,0.0364569449508,0.00123089620232,0.0360570037858,0.00112791325896,0.0363525028173,0.00117716975713,0.0363402136783,0.00109637691646,0.0366351980071,0.00126035221803,0.036971643005,0.0012701651213,0.00259914280442,0.0017652205994,0.00537841326528,0.0017667688448,0.0143459623854,0.00176320197479,0.026312458887,0.00172294844427,0.0370446378959,0.00167249531283,0.0370929154303,0.00166143205331,0.0369036460255,0.00166899546702,0.0365790628772,0.00165635750785,0.0368108366769,0.00164449882254,0.0377234901354,0.00169673328594,0.00352635420817,0.00184381107612,0.00673877826072,0.00186131699345,0.017350261117,0.00176118971888,0.0297948633912,0.00176984926224,0.0370001850002,0.00172227063707,0.0370873757603,0.00172228546825,0.0368349478802,0.00172832936394,0.0364832178037,0.00169032559052,0.0369310510377,0.00170183389437,0.0375546041761,0.00174732484833,0.00270101449902,0.00249737401385,0.00536209013646,0.00242107200012,0.0146669355548,0.00234439654061,0.0281744520201,0.00244488017642,0.0396212607473,0.00244976996683,0.0376143458963,0.00225711216042,0.0374257110778,0.00222254992388,0.0374744613079,0.00223687348033,0.0372361855824,0.00220919022213,0.037248631132,0.00221591916327,0.0152591287098,0.0018787139827,0.02186457354,0.00271592069527,0.0379412300338,0.00522749441967,0.0338536849589,0.00615084881289
qa194,0.004709092279,0.00177121248351,0.0093896395339,0.00178414220313,0.0225139698764,0.00174268421896,0.0403911059052,0.0016847609998,0.0603228978164,0.00167844374696,0.0629741183879,0.00171153210913,0.0632902347953,0.00174139014898,0.062485816046,0.00173236667273,0.0621162805143,0.00167531688619,0.0626375822111,0.00169384491864,0.00341174664369,0.00258453363383,0.00642675449871,0.00249263925101,0.0181608673544,0.00243625187896,0.0361102043764,0.00233986232264,0.0573673703534,0.00242870431313,0.0631247948491,0.00230510881266,0.0614790360261,0.00238594821066,0.0627365119197,0.00230134467435,0.0627952904239,0.00237851961087,0.0630095772163,0.0024064724483,0.00457104525778,0.00256669413024,0.00879445597495,0.00261563310028,0.0224815764034,0.0025418850563,0.0414634712663,0.00256296934188,0.0631091127098,0.00253733301194,0.0654936800052,0.00245242900831,0.0653745832516,0.00255746882449,0.064772135501,0.00247946017247,0.0671044756089,0.0025071265071,0.0646097040961,0.00248997163922,0.00340910981414,0.00342807240067,0.00632981187968,0.00334890574505,0.0185207060044,0.00322089521472,0.035841546898,0.00317720863437,0.057903190319,0.00311556567768,0.0623226349246,0.00311453674519,0.0642771564468,0.00309169325518,0.0635614313863,0.0031461115673,0.0633065771982,0.00310392242677,0.0633686711869,0.00300113142542,0.0270602624814,0.00275345351216,0.0401777420651,0.00387702477416,0.0615484982767,0.00692986978788,0.0578600439713,0.00852571764726
rat195,0.00501642370552,0.0017496636275,0.0101205659403,0.00169802231539,0.0249107214029,0.0017187197613,0.044106337935,0.00171249884406,0.0628504179498,0.00173478465272,0.0620871670702,0.00166869969913,0.0629721050312,0.00167789457788,0.0634707413049,0.00162683527171,0.0626585213033,0.00164192078076,0.0623946219117,0.00167195841505,0.00344575689496,0.00251726715955,0.00691807622329,0.00256778818871,0.0190022232357,0.00246523289009,0.0379320664543,0.00248259947766,0.0599245565676,0.00233547106357,0.0627939846791,0.00243213137401,0.0649614160442,0.00248304579721,0.0657534354658,0.00236400708256,0.0648410166634,0.00238317906236,0.0641150862345,0.00244092247158,0.00524685320923,0.00270483081334,0.0103970036285,0.00265716730306,0.0262131903851,0.00258719752457,0.0468385480094,0.00258845394234,0.0669924303323,0.00255456154827,0.0680724933633,0.00256904816956,0.0692576355703,0.00257204659501,0.0687084163518,0.0025636449868,0.0689764795144,0.00253940775991,0.0684568044907,0.00257658911133,0.00382505919208,0.00365207181412,0.00727444932639,0.00362464025517,0.0212023746422,0.00348091589768,0.0403438899423,0.00344953517653,0.0636183599466,0.00331299819111,0.0690669245114,0.00338244983832,0.0690860103627,0.00337779173929,0.0680694983323,0.0032432605114,0.067942659148,0.00330636772724,0.0681775974911,0.00320781487077,0.0302362349953,0.00305199050223,0.0427076660261,0.00428841230429,0.0693843752168,0.00759957290614,0.0634899371468,0.00960476396293
d198,0.00464798951415,0.00172766050814,0.00869460239623,0.00162146986096,0.0223452505977,0.00156868315456,0.0421577083597,0.00159719309566,0.0610192812252,0.00149102774949,0.0631825246399,0.00151679931077,0.0634279462134,0.00154062789831,0.0636635472371,0.00165320299494,0.063582337233,0.00159950351411,0.0631526365646,0.00161516867997,0.00322318631306,0.00240364632783,0.0067646843946,0.00233057315786,0.0192081556606,0.0023886039818,0.0383478027456,0.00231336895922,0.0607728957764,0.00231715037132,0.0644770470664,0.00223137530542,0.0643366572311,0.00227812455861,0.0659479688736,0.00229108425454,0.0655588042481,0.00222398163881,0.0655535889872,0.00227273987609,0.00469772489183,0.00253123410072,0.00886853377557,0.00243475116868,0.0228560327292,0.00231493501984,0.043133842305,0.00230877263461,0.0623654505769,0.00231030348116,0.0642819309636,0.0022573640786,0.0640258019079,0.00226235130696,0.0635584720986,0.00222231111467,0.0636398116329,0.00222186672355,0.065671000788,0.00234038803595,0.00350108883645,0.00357643709609,0.00694731869308,0.00335879298415,0.0195496168283,0.00306777945142,0.0380629924257,0.0029636011238,0.0602177395074,0.00299276051954,0.0642582406991,0.00290075651654,0.0639702552293,0.0028840027571,0.0636209046377,0.0029034658568,0.0638124561292,0.00292863230216,0.0652801749461,0.00292789194918,0.0268842110923,0.0021076480147,0.0393110971343,0.00362362166491,0.0608998233969,0.00667794346464,0.0571346626293,0.00848062179857
kroA200,0.00530645101379,0.00188216704969,0.00986273078744,0.00184509674765,0.0253626264932,0.00187155353761,0.0459131353014,0.00185862736789,0.0687226498076,0.00186352997302,0.0711880694761,0.0018208818522,0.0704834367071,0.00183519758635,0.0698745108999,0.00181126450356,0.0706153085722,0.00178600310764,0.0710519360568,0.00179077359474,0.00410210519407,0.00268793628522,0.00829077161594,0.00265773226563,0.0233645475573,0.00255127793,0.0445613136084,0.00254391432097,0.0687037647705,0.00255880238173,0.0722460627077,0.00250956895773,0.0717578932262,0.00253565125667,0.0704413608509,0.00249318985871,0.0710844469719,0.00254929818032,0.0715290751734,0.00253968507937,0.00502037261094,0.00278918023368,0.00982566445591,0.00272704241638,0.0256742490372,0.00269551493718,0.0460931047198,0.00263125876536,0.0695771933486,0.00260344226103,0.0717081600459,0.0025991874948,0.0718400143678,0.00255415701409,0.0708365800099,0.00254233879681,0.0711429181191,0.00258318759865,0.0724828585924,0.00261326124224,0.00405714888489,0.00368252606305,0.00859876521978,0.0036216829944,0.0239529101796,0.00349527091737,0.0455789881495,0.00343350340603,0.0696504387798,0.00338148439957,0.0719126995541,0.00331831243903,0.0710266335227,0.00323202996729,0.0720115935767,0.00329933485542,0.0726664728964,0.00339115248317,0.0725672302445,0.00339965935515,0.0303495295903,0.00284226562678,0.0454735118912,0.00442745634541,0.0725570630487,0.0082387500206,0.0659245171073,0.00971808825959
kroB200,0.00484643642955,0.00191208801715,0.00926535036922,0.00188596689751,0.0233432619809,0.00183480851938,0.0441166843127,0.00180224523487,0.0664521230647,0.00182663597921,0.0709631705932,0.00181992563784,0.0716454363089,0.00186775195507,0.0705455699774,0.00177621510632,0.0706489579654,0.00181121539676,0.0706967126193,0.00184750863709,0.00395490624913,0.00277195666877,0.00752202431099,0.00270909278082,0.0201899820315,0.00266485279383,0.040699849416,0.00259782614343,0.0661213303359,0.00263827878692,0.0715253897869,0.00257703765552,0.0715326180258,0.00254549434773,0.0716307571091,0.00256014418732,0.0710321755807,0.0025384176044,0.0720776992936,0.00261322448382,0.00509643963795,0.00280505189341,0.00962624658273,0.00281504867214,0.0240903856809,0.00276762214208,0.0449695566148,0.00278117204035,0.0683077185792,0.00274548025313,0.0741588431591,0.00270241325262,0.0739443212067,0.00275008387739,0.0711625987334,0.00251464904406,0.072841649064,0.00263474590561,0.074644125989,0.00282560107599,0.00424949643467,0.00396069026703,0.00797456917519,0.00390709722792,0.0213675776159,0.00375622124143,0.0423644990468,0.00372584166679,0.0699745312063,0.00376493731411,0.0742850987966,0.00362172733627,0.0742928459996,0.00358751905864,0.0744307829711,0.00366626704356,0.0758163002274,0.00369086768608,0.0738935195448,0.00364574378493,0.0324900744014,0.00272751572413,0.0477339856802,0.00462579621517,0.0757211327326,0.00888194123708,0.0773529548267,0.0108104298193
ts225,0.004295881984,0.00164480611867,0.00837693506232,0.0016586306014,0.0227793394077,0.00152500316438,0.0429219279797,0.00150931321721,0.0674316250843,0.00158086020927,0.0742268240184,0.00151475676036,0.0736156790578,0.00161236131691,0.0736291415108,0.00157413631076,0.0733720469552,0.00157372170648,0.0739079151578,0.00154852456579,0.00334086026894,0.00233605561681,0.0067847411629,0.00230547249459,0.0193476570058,0.00225611065738,0.0394037196107,0.00212829113291,0.0650964067179,0.00227650420015,0.0753961097708,0.00218244831417,0.0745443906075,0.0021725691691,0.074886700614,0.0021702537236,0.075066731722,0.00213901913139,0.0752926517091,0.00212870581073,0.00432140341476,0.00246701237699,0.00847696389668,0.00244559767962,0.0225513485477,0.00231800902166,0.0433207849593,0.00226707836563,0.0684822296788,0.00227786737372,0.0755358410756,0.00228179221087,0.077066661529,0.00238321881978,0.0766187557462,0.00233937281415,0.0748896877106,0.00224697333297,0.0763425452325,0.00229982866276,0.00351098058079,0.00329852621996,0.00698665548802,0.00329192425948,0.0197674197948,0.00312873139582,0.0399250608855,0.00298036831392,0.0664003718213,0.00304358716825,0.0761082952816,0.00294008984906,0.0760382451338,0.00293620513483,0.0759451701094,0.00293145681386,0.0763348599344,0.00293328542305,0.0764593623366,0.00290630667287,0.0309781915058,0.00211576626707,0.0487303869019,0.0038530415819,0.07217147806,0.00757187963776,0.0698839972048,0.00856673034584
tsp225,0.00466657800177,0.00171757904283,0.00904500764298,0.00165551293534,0.0238175105988,0.00150219996966,0.0459838598427,0.00162262509959,0.0707007423118,0.00160767373291,0.0745073014454,0.00156738740292,0.0740791111111,0.00159689978186,0.0747621860048,0.00154368941031,0.0745065563999,0.00160100318759,0.0750387183912,0.00143336706524,0.00336596407847,0.00235138096604,0.00678749745469,0.00234230121495,0.0196508479239,0.00226763540051,0.0400659080893,0.00220420871191,0.0657095735594,0.00222919439224,0.0754554440504,0.00213027695703,0.0751111611837,0.00216775849436,0.0751823923013,0.00219773414063,0.0749488870569,0.00214386598292,0.0764522590016,0.00218112240447,0.00458685411554,0.00249272002572,0.00916794711944,0.0024261068506,0.0241486078578,0.00232576453542,0.0454391130498,0.00233848110975,0.0712865697177,0.00233556457602,0.0768768450185,0.00229075132062,0.0771643518519,0.00228720357901,0.0783552456319,0.00232820121206,0.0777678849145,0.00229478029795,0.077635897834,0.00233088279855,0.00344743873052,0.00331792603701,0.00681301693714,0.00320859002002,0.0197199029796,0.00307981644312,0.0404293915504,0.00300456693718,0.0662257615894,0.00295504203543,0.0759865511739,0.00289933518311,0.0759457017011,0.00289206533747,0.0764844359465,0.00293414315684,0.0764208314229,0.00292936151764,0.0766405579399,0.00291109241545,0.0325104681404,0.00241826513832,0.049298693616,0.0039578959867,0.0722870464074,0.00663867147305,0.0687891189215,0.00856452925206
pr226,0.00531686179432,0.0020491361875,0.0104693824136,0.00198303121883,0.026933904331,0.00198950338017,0.0518659820549,0.00196869770647,0.0811155811501,0.00197513504972,0.0884476872734,0.00184694561674,0.0886286777738,0.00196523892344,0.0905710016301,0.00208397363359,0.0909109090909,0.00203536442146,0.0935974730931,0.00208484693069,0.00454233685062,0.00302821081192,0.00897087160901,0.00296158823895,0.0263285766942,0.00303963062483,0.0528522276835,0.00294464369847,0.0829714593877,0.00288733423225,0.0897575839167,0.00279353018409,0.0892125780553,0.00278853468373,0.0888901333333,0.00275215011298,0.0888240518696,0.00275656268004,0.0891357518495,0.00279185616371,0.00560897097921,0.00306448597844,0.010945339521,0.00297119732831,0.0271650820385,0.0029289268737,0.0531649654439,0.00281171131655,0.0819316729477,0.00277821550019,0.0903861171367,0.00290172739486,0.0920680353526,0.0029354380403,0.0945158302618,0.0029834033438,0.0947997914494,0.0031373300747,0.101859249466,0.00339361052289,0.00540390268681,0.00496296645541,0.00998463366416,0.0044959626296,0.0286448053062,0.00446751668617,0.0605562212539,0.00431518512126,0.0930539685494,0.00419872946827,0.0989859447689,0.00384303891842,0.0993663553259,0.00420860320947,0.102595506771,0.00423584701861,0.100428901386,0.00395298726351,0.0961184159938,0.00398583437297,0.0409818457503,0.00296722994525,0.0620020460041,0.00516404075457,0.0880710700132,0.00955892980041,0.0876964833816,0.011595336379
gil262,0.00644785319587,0.00228437759848,0.0124526617272,0.00219938505255,0.0323863268346,0.00220423300483,0.0617974910394,0.00219170834557,0.0982712264151,0.00217261637065,0.117999292035,0.00216565061559,0.117078787169,0.00216988677542,0.118613213142,0.00208179575522,0.118531350006,0.00211494291769,0.11937483586,0.00218123916197,0.00462867458168,0.00329811611984,0.00927514724296,0.00323009538453,0.0278431896648,0.00316169491633,0.0568910570031,0.00308355817589,0.0961419919246,0.00305589221268,0.12037927299,0.00296673114349,0.120535735808,0.00307925999372,0.119843499101,0.00300647593621,0.119927329416,0.00303031827369,0.119936915327,0.00304678640525,0.00643060441009,0.00333291005503,0.0126246102183,0.00323234014494,0.0331210545491,0.00322209190677,0.0625029375,0.00317454532756,0.103547214744,0.00317023529486,0.120858851964,0.00311534555378,0.120816139164,0.0030721647901,0.12242587832,0.00313043559924,0.123041215551,0.00309713855655,0.120281452971,0.00313234455756,0.00464618015063,0.00444980398613,0.00957888636647,0.00445171012273,0.0282760560991,0.00429438339281,0.0578549030952,0.00425824075217,0.0983996851323,0.00411915903249,0.123128786013,0.00402883019354,0.121626733155,0.00405917046875,0.121347894673,0.00404676422027,0.121043815057,0.00398903018892,0.12160834144,0.00398408366534,0.0522132303033,0.00390181121533,0.07760192442,0.00520927143348,0.116576174379,0.00942659992647,0.113401406055,0.0120385231199
pr264,0.00649670293974,0.00221105615414,0.0130989088718,0.00217458905703,0.0352884466088,0.00217069004066,0.0631819560273,0.0021299865598,0.105037706123,0.00213971695852,0.117209095171,0.00210792135767,0.117423271105,0.00211647378536,0.117030193095,0.00211912658166,0.115212327189,0.00214838924516,0.117774820398,0.00214460621892,0.00480873746724,0.00326200005872,0.00983683848121,0.00324874273907,0.0294677039132,0.00303507323617,0.0600363210662,0.00303294380264,0.0983004030276,0.00300364040489,0.116238870162,0.00293381897768,0.117921707346,0.00308267723817,0.118536091028,0.00304131311472,0.118341498048,0.00304841177905,0.118839096851,0.00307868811073,0.00647863353072,0.00335497961854,0.0130268742265,0.0032671582641,0.0350759733427,0.00316025661284,0.0662743057857,0.00322464069549,0.109489489818,0.00344933790025,0.123277983235,0.00325798285653,0.121705001825,0.00316282857803,0.121853539661,0.00304490618663,0.120621758533,0.00309526919529,0.122660738379,0.00318093099302,0.00501801969069,0.00453807894426,0.0104657561486,0.00441308031774,0.0303175079582,0.00413402922756,0.0604366954735,0.00402487371959,0.100682573241,0.00432330905082,0.12217483201,0.00416283339092,0.123218580582,0.00400278192509,0.120120840841,0.00406853846185,0.122083496094,0.00405037850711,0.121822755512,0.00405607518333,0.0505452615618,0.00293752478534,0.0759003491196,0.00517319779623,0.112286211543,0.00975438459588,0.115355865728,0.0116214322239
a280,0.00358087953563,0.0012864234726,0.00722733514498,0.00126158449967,0.0198355648121,0.00123572982057,0.0389411214953,0.00122424794449,0.0648672244924,0.00126308397109,0.0795448615972,0.00123385805203,0.0794082896617,0.00119182124588,0.0796316292403,0.00120981303549,0.0792648224477,0.00122596796301,0.0794528481767,0.00120589586607,0.00282853708208,0.00183008066996,0.00573762967043,0.00178882236457,0.0169857319994,0.00174182041135,0.0363452060769,0.00169997076053,0.0631844316674,0.00174095358801,0.0798056021068,0.00169362924423,0.0796318681319,0.00165526465199,0.0799400479616,0.00171348943206,0.0796584355584,0.00168190357656,0.0799106600607,0.00172344558134,0.00355355372429,0.00195160421546,0.00717644694822,0.0018684622571,0.0199942417275,0.00185060968275,0.0390391552155,0.00182990317982,0.0650633702017,0.00181287503852,0.0801836914689,0.00175002931299,0.0796225318471,0.0017678419268,0.0797418866119,0.0017656663,0.0795689847231,0.00177135543983,0.0794654747716,0.00175820951155,0.0028446374371,0.00256747833053,0.00579286554247,0.00255919672014,0.016839538604,0.00243332335672,0.0361363784194,0.00237768499541,0.06323681548,0.00240524776432,0.0800283290653,0.00236701753722,0.0802272763738,0.00228440597509,0.0797322596077,0.002311138742,0.0794696439924,0.00235345852151,0.0796199840764,0.00228526735316,0.0333557038025,0.00226558266197,0.0516469555337,0.00310317081042,0.0734667205407,0.00545059874528,0.0699200866951,0.0066827498179
pr299,0.00662422744947,0.00247672993048,0.0130388296347,0.00240403251204,0.0356407213372,0.00235931089316,0.0677829593981,0.0023250206345,0.115169622294,0.00243679454939,0.148408665974,0.00233886083558,0.148229138877,0.00240975128982,0.151180347695,0.00234195562467,0.152627804059,0.00232156454878,0.150039459865,0.00241897880493,0.00564775249487,0.00368460943257,0.0119161582459,0.00357628209713,0.0348170043869,0.00348870011164,0.0685714481624,0.00329140088605,0.116517185133,0.00341589894415,0.155681351183,0.00333553033158,0.150674551755,0.0033017674308,0.15001710171,0.00326217769717,0.151841937443,0.00329789858323,0.152612543873,0.00324901067625,0.00661670438154,0.00370881470465,0.0133896498628,0.00355444696415,0.0352888700685,0.00349344978166,0.0679117147708,0.00352232980983,0.11523124784,0.00340808258441,0.153419236079,0.00334007915964,0.153823719428,0.00338347983786,0.153173380303,0.00329924018726,0.154692807425,0.00338524712255,0.155193668529,0.00355038699141,0.00557303439667,0.0049836536976,0.0120522338592,0.00482429022843,0.0336586449463,0.00455268129897,0.0671327873255,0.00444987228892,0.115425092336,0.00442827979559,0.15451197281,0.00460501485114,0.159583213659,0.00455609216036,0.159767731629,0.00454968698247,0.158716235518,0.00454959053685,0.156488812392,0.00453456914964,0.0641208002052,0.00335739346183,0.0975914901923,0.00603801519159,0.142023856859,0.0113819642837,0.140391127334,0.0128907909663
lin318,0.00853419642248,0.00276818907839,0.0180412419492,0.0027660986944,0.0454374119678,0.00279516994633,0.087339650655,0.00277004324016,0.147031167304,0.00279006179987,0.187003739716,0.0026746075686,0.188467684191,0.00271614394476,0.186293591654,0.00273650969135,0.188547322775,0.00271448309559,0.191891020721,0.00278150468127,0.00661336551815,0.00421349749087,0.013759741868,0.00412365156863,0.0400641826923,0.00413186817727,0.0783336988877,0.00393761246806,0.136696282121,0.00402179805828,0.193982156711,0.00383952328479,0.192773515806,0.00388256077154,0.193473786032,0.00404363895157,0.194857560405,0.00402924016665,0.192028225806,0.004061284663,0.00880340337873,0.00433428542946,0.0187547261815,0.0045335116511,0.0481495016611,0.00442236118236,0.088514692866,0.00437534236986,0.149119576562,0.00427746124628,0.193647628267,0.00426329185159,0.191916138937,0.00423353894221,0.188048514479,0.00421350170436,0.190845801527,0.00418527788125,0.195017355694,0.00424297788564,0.00702342306909,0.00589778008446,0.0140061486316,0.00583158385818,0.0390147862047,0.00555779534036,0.0792559042638,0.00548328974135,0.13711351796,0.00544719224756,0.192023425499,0.00551580822734,0.19377795001,0.00560028673353,0.193275748792,0.00554704704427,0.191001527884,0.00541587279236,0.18656593919,0.0054746987556,0.0830393589637,0.00402058941782,0.127373710355,0.0074932972657,0.19275693909,0.0142014172915,0.195484362783,0.0168288849248
linhp318,0.00930778037361,0.00286491124532,0.017791047697,0.00274261414749,0.0456538531775,0.00272190587659,0.0829675599436,0.00266072792194,0.141794413725,0.00264323002709,0.176331629055,0.00233119174946,0.17767116717,0.00232892003428,0.179051208594,0.00250484060447,0.181522780904,0.00256897960232,0.18164148202,0.00263820222348,0.00636547250761,0.00395931804774,0.0132431433831,0.00385676048842,0.0375377627628,0.00368519330623,0.0743342005501,0.00346530364723,0.133977625938,0.00361858650774,0.174834265734,0.00359166089008,0.176294553146,0.00367130227914,0.181229974628,0.00360311020473,0.18117173913,0.00356259641248,0.182965056714,0.00361446070547,0.00798636733912,0.003990140373,0.0157996176573,0.00384558470076,0.0422565814494,0.00383834813015,0.0824151145541,0.00378949023828,0.138426435986,0.00387637561779,0.18137867247,0.00384008356022,0.181719789206,0.00382863115498,0.177140630535,0.00383402537353,0.176897064025,0.00382491087958,0.185523650529,0.00391553084438,0.0064136506776,0.00555453414355,0.0139218293192,0.00538575467887,0.0376312184842,0.00519328822115,0.078446736743,0.00510508770497,0.138297330936,0.00505966343186,0.186087458132,0.00516768039026,0.186976070294,0.00525591552701,0.19099197861,0.00544110845707,0.191024641834,0.00547813129985,0.188953334593,0.00529648579222,0.0821138845554,0.00412435711841,0.126877569145,0.00740456268697,0.196800078709,0.0143555412001,0.19325410628,0.0164624578155
rd400,0.0092269833361,0.00334427578181,0.0187215388936,0.00326304317324,0.0509557707006,0.00314999322751,0.100987579521,0.00324785236621,0.181445936139,0.00322524463481,0.295839100858,0.0031893889137,0.289947231081,0.00315665483977,0.287874784111,0.00314973526475,0.290424796748,0.00323836618113,0.295771960958,0.00325506650088,0.00751587713167,0.00491147565138,0.0150320030064,0.0049548661692,0.0465316178866,0.00490366302163,0.095241047619,0.00479030063807,0.173421189527,0.00476457359577,0.30258214826,0.00451171237018,0.302589107413,0.0047328953845,0.296430942501,0.00460623773595,0.287246122918,0.00443630580313,0.290268427162,0.00455682336001,0.00942172454729,0.00503841251127,0.0193538803948,0.00505201044756,0.0534109698782,0.00499872533141,0.103908769742,0.0049100193454,0.183527436227,0.00490451411027,0.297052569053,0.0049175091957,0.298488510892,0.00477325753453,0.298875971309,0.00457170940444,0.29730469679,0.00458805824975,0.294829304245,0.00466879251502,0.00729487244954,0.00684484859271,0.0146726138948,0.00657408637,0.0432092118908,0.00644923190032,0.0918373588025,0.00629110125507,0.166982801803,0.00611570263097,0.290022615251,0.00629814583884,0.296120485494,0.00605479568174,0.289925797101,0.00607667533604,0.288940190696,0.00597402519819,0.29032743106,0.0059557669172,0.120259018759,0.0058071567113,0.190561547256,0.00756942268244,0.269807661182,0.0158642500198,0.272972434498,0.0180678808246
fl417,0.00931995302758,0.00340438345345,0.0186081317454,0.00328267406362,0.051988147224,0.00323945395764,0.10438736952,0.00333479619434,0.184992785794,0.00324153959857,0.304347839318,0.00326138954207,0.306020807834,0.00321797557561,0.303966869301,0.00318288820775,0.305459682346,0.00321979592954,0.307514145141,0.00324505292671,0.00706001708521,0.00495235831303,0.0144339077971,0.00491468605017,0.0430928639145,0.00465179186127,0.0933549290515,0.0044888385142,0.175440877193,0.0046908275558,0.300876353791,0.00455363038182,0.304722730043,0.0045533861222,0.307223963134,0.00450331668611,0.309180525502,0.0045126534296,0.310977300995,0.00450218130248,0.0094765171904,0.00507529195617,0.0188598909907,0.00494436615888,0.053074355164,0.00485860529295,0.10464859774,0.00474913209698,0.185281400519,0.00474092352913,0.306224739743,0.00469070491773,0.312954005006,0.00466898403212,0.310713264989,0.00461036961222,0.309032447466,0.00464079895675,0.310643478261,0.00465830037592,0.00724209527672,0.00695263190828,0.0147768271419,0.00674782720181,0.0445190758136,0.00650456943261,0.0954754630514,0.00630798587018,0.177289664953,0.00616637479189,0.306246785058,0.00622832389743,0.315277427491,0.00619460326703,0.309828686493,0.00621263892944,0.310592857143,0.00607448488677,0.309636842105,0.00605475902155,0.126092422141,0.00540684289352,0.202594085477,0.00781023602368,0.2791241976,0.0161999708403,0.285467751142,0.018808625489
pr439,0.00976995750085,0.00337535989739,0.0207784611549,0.00324230683185,0.0549462637363,0.00325456125391,0.108116432432,0.00315775130888,0.194277000777,0.00326948692044,0.319350574713,0.00329426995829,0.322249033505,0.00319126488722,0.320253602305,0.00319878510263,0.327768272697,0.00321992033925,0.325401756669,0.00322856238861,0.00779960534115,0.00496296149246,0.0157748016342,0.00497011475972,0.0480808211933,0.00487878654821,0.101191844582,0.00458893793939,0.183185015571,0.00466444017389,0.325272195122,0.00455989402838,0.32778931848,0.00474877125667,0.325908113392,0.00465613607051,0.328797501644,0.00454768455567,0.333004995005,0.00482276826622,0.0107926955621,0.00549184739331,0.0222042320758,0.00511130874799,0.0580056264501,0.00498582532694,0.110902860945,0.00511985582486,0.199914651209,0.00517587536554,0.346263412946,0.00541483013678,0.350520322355,0.00502676237584,0.341215626066,0.00471521124104,0.334470234114,0.00476978736394,0.345002069679,0.00513005181347,0.00814512962948,0.00718289038931,0.0161992127387,0.00705541993566,0.0509663625707,0.00685846261471,0.101198036835,0.00634668672214,0.187062289562,0.00634009395982,0.325715727776,0.00622999239942,0.331842070338,0.00613716537173,0.332076693227,0.00609269425032,0.329671720501,0.00625468317061,0.333740073407,0.00608510612404,0.132938056626,0.00499261592843,0.220168207838,0.00846005600535,0.309928106601,0.0178725537505,0.319360791826,0.0198623949788
pcb442,0.0106239442455,0.00370103443809,0.0223264791248,0.00358009186497,0.0605223916727,0.00357130459626,0.118450076987,0.00356246593399,0.21276787234,0.00361699334112,0.352940719831,0.00353474652358,0.357969219757,0.00348170714723,0.358984565686,0.00357890385662,0.358565232975,0.00351873902594,0.360766955267,0.00354188980505,0.00862424430588,0.00537298043704,0.018730010676,0.00524740385473,0.0530327729756,0.00527251493438,0.111742458101,0.00510356125792,0.207132352941,0.00517502949761,0.359081867145,0.0050466613845,0.363334544134,0.00508542979338,0.361872648336,0.00506583013343,0.359983441325,0.00502469123396,0.363891960713,0.00507171910819,0.0110970093769,0.00555696701953,0.0220703818142,0.00556629966491,0.0615342727049,0.00543281522489,0.11626342711,0.00531297052901,0.210504946327,0.00522271663742,0.344672639559,0.00508086191742,0.348815137775,0.00509073184141,0.358517204301,0.00510825900839,0.35667831669,0.00503016081408,0.365178167214,0.00506232218611,0.00816560649982,0.00733030838361,0.0174140356987,0.00735773883101,0.0524418165609,0.00702297914179,0.10885261783,0.00688041832943,0.205992173018,0.00680870417779,0.349754895105,0.00657627809709,0.355363055062,0.00678340648085,0.363272793316,0.00700531001968,0.368120721384,0.00718864343788,0.367694485294,0.00734931798806,0.162195588712,0.00618003609127,0.24272603737,0.00958270327248,0.347355331712,0.0176280496404,0.340736035422,0.0212212295482
d493,0.0112078140411,0.00377419062644,0.0198402872845,0.0034104735433,0.0558833752445,0.00338956962677,0.116114478114,0.003359574947,0.21293676815,0.00337214548741,0.383447852761,0.00331890277294,0.405355492501,0.00330700852214,0.400586303564,0.00327634256059,0.398211783439,0.0032918300234,0.396713605712,0.00322506063108,0.00754467950266,0.00491946830387,0.0159642087451,0.004811037449,0.0497689245011,0.00459807893031,0.10788736649,0.00456539702975,0.204392192929,0.00462405149333,0.386904448743,0.00453405061799,0.408311836735,0.00436860545377,0.390915592028,0.00429501479627,0.390968334636,0.00434697559173,0.398937375349,0.00433431866746,0.00931275842801,0.00507601837517,0.0190831822606,0.00500991964089,0.0548356637605,0.00498025827594,0.115355288961,0.0049125564944,0.211243928194,0.00474611649794,0.373177985075,0.00468046467653,0.391897727273,0.00454536033272,0.393706299213,0.00452013940054,0.391762632197,0.00450542227028,0.397331346841,0.00459596108152,0.0075439245004,0.00706731591483,0.0161083279639,0.00692729136793,0.0497915255925,0.00666802693872,0.108021818967,0.00651865299497,0.204434382666,0.00668153300327,0.386919148936,0.00644401770813,0.405499797325,0.0061512025589,0.396011480602,0.00613559613214,0.397572337043,0.00622719290598,0.403318548387,0.00626036084539,0.162203535517,0.00495169644272,0.255902251791,0.00803264440571,0.332242857143,0.0149903162944,0.346358725762,0.0185757885351
u574,0.0110228613,0.00373588493509,0.0222877774806,0.00349146163058,0.0641315333804,0.00347859451148,0.130114754098,0.00345048893428,0.239986564299,0.00323835569416,0.465117674419,0.00366952277856,0.508433434959,0.00360543337179,0.497225149105,0.00351490845439,0.496343920596,0.00328833367313,0.519221703011,0.00368371613283,0.00922505327442,0.00573300311301,0.0182732937414,0.00536087746667,0.0573637354443,0.00519435166764,0.121464715171,0.00513146821569,0.224518634935,0.00509755674838,0.445587973274,0.00499801079568,0.513382956879,0.00510006324078,0.517571132954,0.00506792519765,0.508007110208,0.00487673123439,0.513811504879,0.00488834574153,0.0113059955455,0.00561483997754,0.0230039336569,0.00552702702703,0.0668505347594,0.00547239186586,0.136266521324,0.0053624190945,0.248650671308,0.00531938593132,0.469611267606,0.00530449819648,0.51293025641,0.00499499003501,0.510846782431,0.00499964502662,0.514457304527,0.00497195332349,0.512898461538,0.00506155349044,0.00852089741733,0.00765578276081,0.0179494013964,0.00746602956548,0.0554709341025,0.00715378397133,0.119092413957,0.00695018800259,0.227330227273,0.00696171759153,0.466485074627,0.00718946316493,0.523672774869,0.00719159601015,0.520315296566,0.0069030469958,0.51675,0.00678597748417,0.518077162092,0.0069624724984,0.20939279732,0.00560968905494,0.332742182302,0.00898896159931,0.430915553641,0.0175745768967,0.430373924269,0.0199589853106
rat575,0.0134731615963,0.00454138793898,0.0276208810938,0.00422360568496,0.0761847478287,0.00435505337102,0.157263248939,0.00429957176394,0.291180203785,0.00441079848445,0.542948968512,0.0043252825488,0.600167366527,0.0043236685316,0.60094954955,0.00436675938743,0.603633675317,0.00425689510585,0.60658944815,0.00438342713867,0.0105684090381,0.00680792168183,0.0222947786151,0.00660191322489,0.067513300027,0.00644786609152,0.145097794544,0.00626459643672,0.278741917503,0.00621618563943,0.545723404255,0.0064076879209,0.601886883273,0.00616190969141,0.608248632219,0.00619685449239,0.604404229607,0.00611134877467,0.612774035517,0.00619324691733,0.0137939058707,0.00702414902435,0.0288504702556,0.0067304011307,0.0789340121557,0.00657200596736,0.159218118134,0.00657037825478,0.293625954198,0.00650046153046,0.553520199225,0.00650493722761,0.602609036145,0.00637531478117,0.604633232628,0.00644986519782,0.611666666667,0.00635624753696,0.611669315403,0.0064429446746,0.010766750288,0.00975011456373,0.0223006779359,0.00924536116787,0.0680423215622,0.00886935466705,0.147024257571,0.00855778627849,0.283582081089,0.00871855655722,0.561199775533,0.00875461803792,0.62091930478,0.00845708873177,0.61217380661,0.00869558525578,0.610993891265,0.00870351706311,0.61384601227,0.0083470919168,0.263579599367,0.00830181144982,0.410710882957,0.0114714877313,0.550697136564,0.0217248376094,0.558926815642,0.0267304268798
p654,0.017728769989,0.0057131602251,0.0366546440877,0.00555796400663,0.0971497959977,0.00547930741624,0.189201664775,0.00545780324737,0.344932413793,0.0054726259796,0.686102194787,0.00550761977672,0.841471825063,0.00547956404763,0.845846999155,0.00544068857079,0.836481605351,0.00538350928383,0.839307885906,0.00541675288306,0.0144999347514,0.00878576009699,0.0301245330763,0.00834868926365,0.0858751395449,0.00818938661862,0.172173007402,0.00782038288288,0.329679301252,0.00802088630439,0.669519410977,0.00761409666809,0.809469255663,0.00776825734683,0.821069729286,0.00780837523815,0.823951400329,0.00801616859589,0.845133445946,0.00808200788802,0.0183806565452,0.008855051802,0.0378571320412,0.00892184502833,0.0973104018682,0.00874901792667,0.189631968146,0.00885269121813,0.353271988697,0.00876263998177,0.687840440165,0.00829264692468,0.842552653749,0.00823228207091,0.805966962127,0.0080241444333,0.814188771359,0.00799440393963,0.807616626312,0.00797396539351,0.0133944252458,0.0116005939468,0.0283601429341,0.0114476726881,0.0831634095634,0.011282988638,0.174423264737,0.0114098169869,0.332425058159,0.0109388851211,0.673402693603,0.0108646270181,0.826171758877,0.0108462439532,0.832031613977,0.0111172984992,0.834708090075,0.0108022857637,0.821247126437,0.0105834329922,0.346660658579,0.00744562498139,0.546615846995,0.0143314415925,0.738870753323,0.0279911549012,0.781870211102,0.0340528824871
d657,0.0128363370302,0.00415841431821,0.0263556650766,0.00420843538789,0.0747463188579,0.00402082378391,0.15181010929,0.0039320389113,0.283273860096,0.0039298483473,0.566362967157,0.00414134378054,0.687740206186,0.00367189422007,0.683258196721,0.00383308865524,0.687026098901,0.00396397539164,0.706874204947,0.00424613496724,0.00985886110892,0.00651463508381,0.0205275787745,0.0062317394637,0.0645386551368,0.00602391494232,0.140935033822,0.00584033196281,0.271131471944,0.00583604806564,0.566877053824,0.00563007127656,0.704556338028,0.00548652237127,0.705107117689,0.00555551604982,0.705311706629,0.00573386352299,0.715848246242,0.00579145069468,0.0131061730013,0.00670326650177,0.0268199860537,0.00648848300026,0.0762173614816,0.00637075072626,0.158671743614,0.00656969792529,0.299813549161,0.00735716808169,0.623996257018,0.00691226299673,0.758952200303,0.00630574577832,0.715426323319,0.0062541746407,0.714187723055,0.00617402095463,0.716366499642,0.00607478662333,0.0100896056986,0.00956344857266,0.0204966283384,0.00917888678795,0.0645966929337,0.00864553416273,0.140049712925,0.00849022354669,0.270575487013,0.00826938120715,0.560903533371,0.00810469583259,0.701044148563,0.00811146711225,0.711444523471,0.00816309804658,0.707451909477,0.00808656660898,0.711156361052,0.00806165554158,0.282254868755,0.00574611994415,0.461585602215,0.0107334063198,0.588215755438,0.020503270252,0.598055588763,0.0242264402345
u724,0.0142414053377,0.00473913558599,0.0293186349244,0.00442048890461,0.0832606777121,0.00437720008579,0.168946114865,0.00430197632199,0.316758074731,0.00417142416165,0.639555626598,0.00412671877321,0.797755183413,0.00410526704709,0.801313301282,0.00375319771806,0.8004832,0.00421966698455,0.807556900726,0.00400269781293,0.0101974934736,0.0066823299855,0.0218271963331,0.00631167593428,0.0690158730159,0.00618688634128,0.154556946376,0.00621123112566,0.302825613079,0.00635266651844,0.622176616915,0.00617466178459,0.810516207455,0.00597461986557,0.811688564477,0.00578027548655,0.807987075929,0.005746147216,0.818384615385,0.00585518973704,0.0138410242215,0.00693560311824,0.0301833026471,0.00694078819512,0.0872801536045,0.00688320645366,0.17448935799,0.00658812562175,0.332814642263,0.00680528221251,0.675684459459,0.00683212177525,0.828758906379,0.00638218869466,0.818920621931,0.00624865185741,0.817503267974,0.00623494899868,0.821965488907,0.00616988116833,0.0103287474566,0.00957165281979,0.021885452914,0.00950151548263,0.0692238681988,0.00912802022765,0.154729227913,0.00899432462089,0.30106231186,0.00873038946073,0.628195979899,0.00843793507885,0.812185876623,0.00828597351806,0.810212955466,0.0082123957033,0.818858428805,0.00823792734163,0.812577579204,0.00834595514902,0.317967249603,0.0071035403762,0.533369066667,0.0113511470311,0.68730790378,0.0221825824627,0.720793227666,0.0267693069572
uy734,0.0153234293595,0.00454193785739,0.0311945284961,0.00415056945528,0.0890623385876,0.00431200331162,0.179208564773,0.00426386502309,0.336358439812,0.00429974674618,0.689413507926,0.00439817563675,0.84591885038,0.00451600243864,0.821539408867,0.00438734430459,0.81862111293,0.0041904650159,0.856809931507,0.00461053505152,0.0114091661057,0.00700012600189,0.0227199363853,0.00674681725262,0.0718903026382,0.00643260559122,0.154889577203,0.00622714025955,0.299634212103,0.00606907810888,0.638282705807,0.00630827072412,0.844683277027,0.00595810866366,0.840349579832,0.0060076898122,0.838904442582,0.00606315368245,0.842566975569,0.00615613149471,0.0150618739927,0.00705677167132,0.0315512225903,0.00686222774248,0.0898314768236,0.0067600470496,0.184376659292,0.00683604495365,0.342741946539,0.00682055164511,0.696544568245,0.00666770904872,0.853398124467,0.00639803197717,0.851099574468,0.00637084464151,0.847187129551,0.00646688653927,0.848270568278,0.00645592232258,0.0109124281147,0.0099547264474,0.0238318915183,0.0100366939329,0.0739768456872,0.0095613645925,0.156192565985,0.00900915323561,0.302211544273,0.00887421685036,0.65343435663,0.00885369373517,0.866361904762,0.00863344240216,0.838766135792,0.0083058439509,0.841882154882,0.00837960247365,0.847014394581,0.0085690537194,0.334881821225,0.00523569480149,0.552496685083,0.0118254694669,0.695192494788,0.0229611269287,0.739578713969,0.0268847456716
rat783,0.0181713911906,0.00615809665739,0.038591980859,0.00605210218298,0.108239311614,0.00583889388437,0.212255730051,0.00593266452696,0.40093507014,0.00595644663641,0.835732664996,0.00589661475685,1.1227362514,0.00576751871547,1.12714301802,0.00590117315205,1.1225993266,0.00592668124626,1.13293997735,0.00581937849162,0.0144759988419,0.00909575048662,0.0311155294191,0.00884476658824,0.096826975213,0.0085943397848,0.199274158199,0.00853950795454,0.382856814701,0.00875516332659,0.820399180328,0.00852957181849,1.13713522727,0.00854241733084,1.12256790123,0.00841723342648,1.12459213483,0.00852013734461,1.13184162896,0.00816174922259,0.0182732389219,0.00932475149662,0.0382277992278,0.00925716269382,0.108327014731,0.00895796941765,0.215175989673,0.00894454382826,0.40031132453,0.00883796586801,0.837111297071,0.00880671070013,1.12788387824,0.00861181536342,1.12830552424,0.00865356524749,1.12804509583,0.00872200465753,1.11574470457,0.00850000425,0.0140619849819,0.0128958282288,0.0309566617137,0.0124427632889,0.0941770411527,0.0122302085244,0.198413095238,0.0117454428001,0.382745885955,0.0119726306211,0.831527847049,0.0115313361239,1.15271313364,0.0114400997575,1.14011845103,0.0112907111969,1.13962870159,0.0113942163074,1.14454576659,0.0114898775191,0.479505752637,0.0114127891715,0.769434615385,0.0161495914215,1.06383404255,0.0293197290879,1.04990241343,0.0360397506127
zi929,0.0188479559719,0.00614319765085,0.0384799138064,0.00510795611266,0.114223757853,0.00557570671871,0.225359396124,0.00525256324061,0.425468736708,0.00537385939834,0.913743378995,0.00532533469662,1.29460413972,0.00545546444957,1.32787267905,0.00545861558868,1.31766798419,0.00510481178597,1.33817780749,0.00553898603626,0.0134854696244,0.00858432338701,0.0289305386796,0.00836274231046,0.091042607429,0.00803169299718,0.199219920319,0.00778957289857,0.391262128326,0.0078021689943,0.873707423581,0.00756351823559,1.31487647832,0.00779007392751,1.34339865772,0.00759497064564,1.34556182796,0.00749463759752,1.36132108844,0.00776815996147,0.0185993378715,0.00908960514834,0.0390071381207,0.00874826129176,0.113125226244,0.00853040229297,0.228382735784,0.00868499765507,0.435079599826,0.00842239665802,0.92708897127,0.00809493742613,1.3328229028,0.00802469185337,1.34358120805,0.00795132229696,1.33905087015,0.00794421582802,1.35508807588,0.00803933627572,0.0136315294438,0.0126490424751,0.0293320036371,0.012198741095,0.093172458772,0.0121556133612,0.203653431073,0.0118973504812,0.397965791567,0.0114761757213,0.879036906854,0.0110387345321,1.31150720839,0.0108951778088,1.35831071913,0.0109950192961,1.37187654321,0.0111339293667,1.37670151307,0.0112636825447,0.546196067723,0.0076071156889,0.907617059891,0.0157211400902,1.12649436937,0.0303511594027,0.940438909774,0.0273533192921
lu980,0.0272997188174,0.00831822756802,0.0561170529151,0.00791355269614,0.149812883895,0.0078524527087,0.28899017625,0.00782329609463,0.5420899729,0.00799663342743,1.16285348837,0.00790229639815,1.76230457746,0.00790811605893,1.83240659341,0.00791128304932,1.83288095238,0.00797187522421,1.83720550459,0.00809687866888,0.0201490197659,0.0124149275596,0.0432594627331,0.0119144903017,0.126407786626,0.0116453558785,0.257531668383,0.0114965338055,0.502020080321,0.0113499267936,1.13172624434,0.0115690205697,1.7694664311,0.0114402306346,1.83989338235,0.011461055334,1.84786900369,0.0115165837479,1.8550462963,0.011537247482,0.0277485779295,0.0129679954353,0.0558501619569,0.0126523653479,0.149777894264,0.0124477569209,0.290352975327,0.0124576258518,0.548856201976,0.0123748839857,1.18389467456,0.0122231579719,1.78077758007,0.0120528624804,1.86004275093,0.0121982946852,1.8545037037,0.0119871498268,1.85411666667,0.0122879787665,0.0211833626369,0.0185309280261,0.0447260163692,0.0179871933233,0.127204146528,0.0176926098264,0.261235893417,0.0172289204369,0.509442180336,0.0171542156274,1.1377337884,0.0170535650335,1.77272566372,0.0165834369766,1.86643843284,0.0167814734016,1.85271666667,0.0166693003951,1.8577012987,0.0164203612479,0.837288702929,0.0152855112117,1.30015324675,0.0236802273265,1.97664624506,0.0475540180694,2.01305231388,0.0601039725945
pr1002,0.0234516779625,0.00766947625147,0.0501589005367,0.00733460466481,0.137281949211,0.0074098120142,0.269534896254,0.00725514024116,0.507367833587,0.00725535804977,1.09333114754,0.00732263261182,1.70988547009,0.00715953577616,1.81993272727,0.00708666997378,1.8130307971,0.00739163568361,1.83842752294,0.00727054281601,0.0184474985242,0.0115746330849,0.0402065776777,0.0112556024537,0.122181918143,0.0107166311232,0.255474074074,0.0104334108859,0.497493286922,0.0104565321957,1.09101090513,0.010552593812,1.69844821732,0.0101065833889,1.83596330275,0.0100727754387,1.8256459854,0.0103145609638,1.8526037037,0.010407622497,0.0240502164502,0.0119373888338,0.0499216253994,0.0116537349959,0.136215200218,0.0112694847638,0.273134898962,0.0112761972419,0.51952,0.0109122226951,1.11500334448,0.0110194712889,1.75153590193,0.0106508786878,1.84572324723,0.0109138900106,1.85461851852,0.0108939691047,1.87174392523,0.0110572540607,0.0184956627888,0.017034085102,0.0410731887629,0.0162864611326,0.123096627277,0.0158210036704,0.259827487659,0.015650374822,0.506079959514,0.0156932456608,1.10524972376,0.015509484002,1.7315449827,0.0151261363464,1.86349534451,0.0148897723381,1.86947850467,0.0148139813937,1.87202803738,0.0151395200969,0.751918796992,0.00965336126342,1.22788834356,0.0206349717304,1.59636363636,0.0401034247674,1.68411279461,0.0531361317747
u1060,0.0201372734595,0.00704583309847,0.0416871482763,0.00642771839387,0.119761676647,0.00621081299298,0.243893196781,0.00621731264222,0.467908793265,0.00606719410755,1.02255316973,0.00616606342375,1.59118600954,0.00598475091566,1.72504827586,0.0060185490569,1.71691423671,0.00589093565357,1.73776388889,0.00614570171341,0.0158000347601,0.00980250943489,0.0336410549687,0.00939115735697,0.105817268014,0.00906543377754,0.226193351425,0.00879582376793,0.450564864865,0.00884690447122,1.02706776181,0.00869726645735,1.61932686084,0.00843837916748,1.75810017575,0.00848388492505,1.75949560633,0.00845863326087,1.78926833631,0.0090037005024,0.020073346983,0.0104195615479,0.0433493866227,0.0102816002139,0.123438286843,0.0100372177055,0.245721621622,0.00947711290965,0.472927186761,0.00935933961028,1.04317726799,0.00932852918404,1.66476539101,0.00956344857266,1.84584870849,0.00985506203743,1.82010909091,0.00984519508137,1.80100359712,0.00968834591201,0.0158564361145,0.0145241172968,0.0341891282051,0.0139899412423,0.109734993965,0.0140439288824,0.234253455142,0.0141031491954,0.456970762905,0.0130497977293,1.02784583762,0.0127502008135,1.62558766234,0.0125695216069,1.76869434629,0.0125075920552,1.77735879218,0.0125809324913,1.74891433566,0.012480069389,0.684396032832,0.00932828984804,1.14945172414,0.01685957784,1.43866091954,0.0334108449434,1.50088455772,0.0411564737839
vm1084,0.0212347907332,0.0069148371215,0.0437842381786,0.00641458674108,0.127314831318,0.00601053042825,0.259962828178,0.00651569626521,0.497892483823,0.00608424242056,1.05951271186,0.00623840596888,1.66599168053,0.00630194981157,1.81833818182,0.00624654410984,1.80205945946,0.00628071574822,1.84465745856,0.00660251026687,0.0155809663296,0.010149058174,0.0333324222526,0.00952261603215,0.104830922432,0.00939257805162,0.2273075,0.00951721184319,0.44777126231,0.00937152201824,1.02159550562,0.00911262279247,1.66173089701,0.00902623004089,1.84114522059,0.00892595931556,1.83667706422,0.00884404489215,1.85253148148,0.00884425301588,0.0210974894515,0.0106216488932,0.0442304392056,0.0102449671649,0.128648958065,0.00992676050745,0.263393731894,0.0100118439759,0.502891402715,0.00967777992838,1.08659609121,0.00970106613118,1.70159013605,0.00956097024629,1.84026654412,0.00938540952989,1.84121691176,0.00936054740153,1.89901897533,0.00990933053232,0.0162414084324,0.0156083285208,0.0335478882217,0.014272836264,0.105182898612,0.0139834995036,0.224812092605,0.0134989200864,0.443771960958,0.0135525017618,1.02024872579,0.0132927289645,1.6621345515,0.0126941620016,1.85116266174,0.0128086022056,1.85093160813,0.0129705569535,1.82844606947,0.0128280161632,0.719465467626,0.00968777609858,1.2017515006,0.0177355632804,1.49859580838,0.0348411608947,1.59126550079,0.0442666105971
pcb1173,0.0306998004605,0.00996283861198,0.0645601032924,0.00949435087253,0.174729734451,0.00929751943174,0.347954086957,0.00928968758999,0.663871267419,0.00927567271749,1.47207647059,0.0092611550501,2.37050947867,0.00943245894526,2.67629411765,0.00955015232402,2.67910427807,0.0094729926869,2.70645945946,0.00965019059107,0.0259686558637,0.01571800635,0.0537781661737,0.0151723714156,0.157975991155,0.0149918895419,0.323347235694,0.0146222491921,0.635959313414,0.0144317381516,1.45294049347,0.0141329762426,2.35212441315,0.0140931831955,2.71312466125,0.0141696375436,2.72113586957,0.0140634255418,2.7241576087,0.0144722065442,0.0334990620394,0.0157638286804,0.0657728229413,0.0153096342565,0.175883925431,0.0148429044276,0.354391211906,0.0146546499018,0.676072297297,0.0148732654124,1.50980542986,0.0149580279415,2.37839429929,0.01469541066,2.70427567568,0.0143247385761,2.69102688172,0.0144854494097,2.69639892183,0.0147904366089,0.025428647714,0.0229254928932,0.052316766937,0.0221345979327,0.155244489289,0.0218112458559,0.323878562176,0.021605487739,0.635697585769,0.0209851006233,1.45666229985,0.0205474028109,2.37211848341,0.0205529225584,2.72691008174,0.0206208062687,2.72523160763,0.0211043601216,2.73581967213,0.0207690710087,1.22741840491,0.0172341749246,1.85674211503,0.0282729148996,2.62594240838,0.0532293074999,2.57323136247,0.0663355887231
d1291,0.0316496391948,0.0101096890291,0.0612458966193,0.00853593621961,0.180038343834,0.00876769979396,0.366745507884,0.00915004117486,0.711337837838,0.0084706365677,1.53205972435,0.00845799783477,2.49848877805,0.00827085280422,3.00132634731,0.00876491778565,2.92197667638,0.00827186248883,2.97716964286,0.00812231355285,0.0222843454039,0.0142792866118,0.0474787067369,0.0134388539483,0.151495833965,0.0131521161586,0.325027624309,0.0125751741656,0.656531496063,0.0132797498108,1.51516969697,0.0128285483374,2.54166243655,0.0122570171353,3.01960240964,0.0121901894336,3.03135757576,0.0123510115357,3.08394153846,0.0123898305085,0.0311245292415,0.0145454743793,0.0629346129641,0.0139377822378,0.174595670391,0.0132625164122,0.359458303379,0.0135689163885,0.704495774648,0.0133360672134,1.52223135464,0.0130491035311,2.49601246883,0.0131726667984,3.0429331307,0.0130411053586,3.01727409639,0.0132501358138,2.9992754491,0.0133134918522,0.0224894076373,0.0206127921837,0.0480475664248,0.019694717977,0.15077461179,0.0194365208941,0.327917377049,0.0189314881775,0.635804831532,0.0183530566924,1.47422091311,0.0180157817933,2.49488279302,0.0177341857454,2.98257142857,0.0176707780389,2.94128823529,0.0172397510602,2.9260380117,0.0170472375173,1.13941002278,0.0155941023282,1.88154135338,0.0227865150618,2.38959427208,0.045126398917,2.44798777506,0.0523225553288
rl1304,0.0271786160787,0.00918518076273,0.0562964422427,0.00865138551246,0.161805533085,0.00848103230403,0.33355670447,0.00844179842815,0.646416289593,0.00821138418334,1.46564421669,0.0084976546567,2.4686182266,0.00796663586246,2.8519031339,0.00845841016358,2.85144159544,0.00821468764119,2.89881449275,0.00855671355718,0.021116922882,0.0132854751498,0.044965692446,0.0131500144649,0.141779699461,0.0125492683784,0.308055743763,0.0124660300681,0.610747252747,0.0120991397563,1.4630380117,0.0123908308035,2.45929484029,0.0122811387026,2.91704081633,0.0119274221443,2.90874418605,0.0118722664134,2.95274336283,0.0120385833123,0.0278677962323,0.0140658986694,0.0578119435773,0.0135639199729,0.167416973552,0.0134458203918,0.342305954825,0.0131865893057,0.668300601202,0.0132774709225,1.51302420575,0.0134444414568,2.48372208437,0.0129225431285,2.92290670554,0.012599674932,2.94392647059,0.0128067337739,2.91681924198,0.0126845603531,0.0209826265763,0.0194172928681,0.0454138056312,0.0193883244794,0.142628921848,0.0184981502035,0.310546414157,0.018407878509,0.617141887724,0.0180500703946,1.45170101597,0.0178579796068,2.4678817734,0.0176780865507,2.91998542274,0.0172369904335,2.91852769679,0.0171574703178,2.8955982659,0.017445283743,1.16458323632,0.0125764142164,1.97110826772,0.0251004267068,2.51407537688,0.0471093838327,2.54421573604,0.0577939085708
rl1323,0.0285524211969,0.00876808620705,0.059363528434,0.00869622498761,0.17074035507,0.00861644177911,0.347102395002,0.0088357012847,0.665499667332,0.00837855772373,1.49988905547,0.0086844088963,2.47847772277,0.00850167482827,2.96164792899,0.00815177748975,2.93964516129,0.0082917257448,3.00055389222,0.0082000557601,0.021353569217,0.0136952669205,0.0463716206817,0.0133201198801,0.14421834439,0.0129078130445,0.311614330218,0.0125239329726,0.616449168207,0.0123462103535,1.45252249637,0.012583832486,2.43018203883,0.0120216748413,2.97341543027,0.0119527270119,2.99537724551,0.0119266512416,3.01459337349,0.0123772804911,0.0286122285485,0.0143595152281,0.0594724353256,0.0137085183967,0.170519522592,0.0134868976493,0.345215740421,0.0130524309861,0.658781291173,0.0127197588339,1.52647256098,0.0130951888324,2.51510050251,0.0127599494711,3.128559375,0.0137931862069,3.1099689441,0.0139699924562,3.02775830816,0.0133142408265,0.0216273195207,0.0201147339837,0.0460342954472,0.0193022699197,0.142031387587,0.0187392249457,0.307225192012,0.0180069505717,0.615569230769,0.0178384023975,1.44500721501,0.0175644957319,2.47084938272,0.017721911108,2.98024404762,0.0170435797798,2.96832937685,0.0170804481869,2.95904142012,0.0172794567415,1.13765756542,0.0135502168022,1.92789402697,0.0236891789454,2.38998806683,0.0452277147121,2.59660880829,0.0593277171334
nrw1379,0.0432511137062,0.0124464372394,0.0851001616884,0.0116652668416,0.222600934787,0.0113526213019,0.435053936494,0.0112917085399,0.834440366972,0.0112214192738,1.85505740741,0.011192977547,3.07422699387,0.0110338960609,3.63564492754,0.0109432163883,3.66054744526,0.0111157142381,3.65784306569,0.0112348024401,0.031256485591,0.0178009149652,0.0623332917783,0.0173979888307,0.182685296804,0.0171126512312,0.37482083958,0.016836318944,0.742927245731,0.0168113946607,1.72723488774,0.0169156418627,2.91832361516,0.0165909513223,3.68885294118,0.016576166954,3.70437777778,0.0171064524958,3.7299330855,0.0172299832871,0.0442547128064,0.0190152500475,0.0888680351906,0.0186378410616,0.223501675978,0.0182439749694,0.4367023134,0.0180419470655,0.83136159601,0.0177126308518,1.86342458101,0.0178554440596,3.07708923077,0.0176073598028,3.71923048327,0.0179226467847,3.72704832714,0.0183262044826,3.8225648855,0.0181784188617,0.0328963452745,0.0296152752688,0.0705211198082,0.0292753220141,0.191611994635,0.0277378508821,0.399546544147,0.0268438515019,0.791117786561,0.0268616401193,1.80790433213,0.0263829938793,3.04683586626,0.0255730322713,3.73422014925,0.0252604577145,3.742,0.0255460978414,3.83289655172,0.0252436259908,1.73329982669,0.0209479869287,2.63438947368,0.0378930317154,3.99384063745,0.0691528142719,3.75637827715,0.0919387698814
fl1400,0.0438404647085,0.0131619305843,0.0902404800578,0.0125390778799,0.231193018955,0.0121693844768,0.448544843049,0.0119081415149,0.850099405268,0.0117261139775,1.89303780718,0.0118562553353,3.16607911392,0.0119095358891,3.82604580153,0.0117398567739,3.81398098859,0.0116865103016,3.79642045455,0.0115925367771,0.0332118233145,0.0192561233921,0.069061878453,0.0180935786788,0.192092777564,0.0177390949568,0.389324250681,0.0172031860173,0.77493261038,0.0166362668441,1.7908783542,0.0164769735216,3.04433738602,0.0161306578056,3.81835877863,0.0162612485162,3.82220610687,0.016149088384,3.85428461538,0.016630683519,0.0409776266186,0.0190532723635,0.081559497594,0.0184737026842,0.221590516286,0.0178728709049,0.434195746528,0.0175005862691,0.838996644295,0.0173977452635,1.89304536862,0.0182365052156,3.18158095238,0.0179250555675,3.8571,0.0181511625796,3.8646988417,0.0179735612351,3.90203891051,0.0184501208465,0.0332912311073,0.0294700439101,0.069563230384,0.0274282070271,0.190611587574,0.0265888593459,0.392411926246,0.0262180011536,0.768948501153,0.0256559084612,1.79378494624,0.0258311721858,3.05646036585,0.0255591054313,3.82849236641,0.024671625589,3.83217241379,0.0249330308168,3.83121755725,0.0253803964366,1.69158445946,0.0184329689775,2.61640992167,0.0365020075923,3.63030434783,0.0639563187516,3.69110701107,0.0768424004918
u1432,0.0283749397043,0.00928190872217,0.0587490894137,0.00878843618723,0.167876280007,0.00815077269171,0.341904647984,0.00831156547396,0.671942914708,0.00828908911564,1.53750844854,0.00844865750832,2.57430077121,0.00825263670424,3.20384025559,0.00836386979141,3.20651923077,0.00850990120074,3.20220127796,0.0085966301311,0.0214907590475,0.0138731444743,0.0459378933346,0.0129487103123,0.1443632164,0.0126902450477,0.31562764279,0.012619888945,0.622352209085,0.0122602096487,1.49181222057,0.0128828826508,2.56502307692,0.0124725295284,3.25187987013,0.0120311725499,3.25311363636,0.0120738916256,3.23187419355,0.0118264936847,0.0286935613451,0.0143031538297,0.0602684867113,0.0140851995831,0.17639830658,0.0141462966106,0.358646468268,0.0137081014393,0.677816395664,0.0133516963296,1.55333850932,0.0130872256612,2.64987301587,0.013255699894,3.32052317881,0.0134594936538,3.25155519481,0.0128942801145,3.26151465798,0.0131117637804,0.0221708014633,0.0200876421196,0.0463352793995,0.0192774993253,0.144609745518,0.0189169929819,0.315306116015,0.0184591132277,0.630987381703,0.0183758912165,1.49268208955,0.0177330472407,2.56692051282,0.0177055771955,3.25624025974,0.0175883108203,3.26022801303,0.0175551576434,3.25903583062,0.0173131405817,1.27817241379,0.0102354657114,2.12380467091,0.0230436676191,2.6749171123,0.0467333395644,2.76954143646,0.0583922690646
fl1577,0.0431990150762,0.0137349705385,0.0876772751184,0.0128356287464,0.235825984438,0.0125590078493,0.468746485473,0.0122933800479,0.902073940487,0.0125476994115,2.06202061856,0.0125428273985,3.44532302405,0.0122146355763,4.65555348837,0.0116846219459,4.59891284404,0.0119462184472,4.4680625,0.011379435126,0.0291288922548,0.0183553165324,0.0628499780026,0.0182280855252,0.190336886182,0.0181716305355,0.417341677096,0.0179542353406,0.824096375618,0.0183504174695,1.92261228407,0.0176297445481,3.36039261745,0.0175312669834,4.56076818182,0.0168384858894,4.56555,0.016874171068,4.56912328767,0.0166652001467,0.0384046466974,0.0192055157579,0.0808986409966,0.0182936301771,0.226827852121,0.0182438655064,0.458098030234,0.0184087034958,0.879678979771,0.0182842097565,2.001612,0.0181998871619,3.44547079038,0.017562108147,4.6153640553,0.0176158859901,4.62074193548,0.0171715948898,4.61741935484,0.0175672200264,0.0294686017386,0.0276025835657,0.0624020715043,0.02596533728,0.192936535494,0.0261005898627,0.410326086957,0.0254137589265,0.809403721683,0.0251868073746,1.91314531549,0.0247645427305,3.33359468439,0.0241796266744,4.58096803653,0.023277490689,4.62329493088,0.023429291036,4.60112844037,0.0236976705609,1.87031214953,0.0215356089157,3.127446875,0.0338701439458,3.97718650794,0.0640877339144,4.28083760684,0.0840647276395
rw1621,0.0328230872748,0.0107414230166,0.068354203691,0.00974225006332,0.190745756246,0.00973865451287,0.39445307571,0.0100839887867,0.775449612403,0.00986580637523,1.76595943563,0.0099748832941,3.00574174174,0.00963205902467,4.07758943089,0.00915780364289,4.12394650206,0.00967274749722,4.19964853556,0.0102594617886,0.0256869846652,0.0155735999502,0.0528653520829,0.0151198234022,0.161154689011,0.0147412326606,0.353755571277,0.0144638192626,0.712766928011,0.0144126599792,1.66177408638,0.0137153653084,2.96303846154,0.013716590083,4.12372427984,0.0135548220942,4.1169218107,0.0135424961404,4.1625186722,0.0139627059481,0.033081279566,0.0160899583273,0.0684480492813,0.0155333188356,0.192083733436,0.0153901380488,0.395861100119,0.0152335592962,0.770775808937,0.0152393934776,1.75484912281,0.0148489271661,3.03224848485,0.0145579397892,4.12714814815,0.0143795726447,4.11509016393,0.0143598701877,4.14506198347,0.0145455563636,0.025295214246,0.0224835532972,0.0520681557847,0.021893423242,0.160876287001,0.0211100462308,0.350783935461,0.0208559689664,0.707004946996,0.0205024705279,1.67296488294,0.0200553928844,2.95893786982,0.0198465477206,4.11901646091,0.0197613824994,4.13446694215,0.0198497618102,4.1108442623,0.0197226846008,1.60906109325,0.0187854338474,2.69716172507,0.026368279499,3.32742524917,0.0505666464401,3.54628368794,0.0663583941606
d1655,0.0494951989705,0.0145873703558,0.0920952205544,0.0128323709065,0.241794245648,0.0121623672784,0.469088649156,0.0119267696344,0.905269683258,0.0117184423924,2.08774375,0.0110240764626,3.64889454545,0.0124100893522,5.09472081218,0.0119428772751,5.07985279188,0.0110566427845,5.016255,0.0117957700791,0.0308731129017,0.0186977918217,0.0624484201324,0.0182142141595,0.195403594452,0.0174506064043,0.424686199575,0.017570148467,0.849580645161,0.0171152187307,2.00953413655,0.0169500822076,3.56193238434,0.0163590767066,4.97447524752,0.0164194962564,4.9914278607,0.0175874355863,5.12823589744,0.0179747456591,0.0406531566324,0.0193885065048,0.0810165262476,0.0183028350751,0.229666130884,0.0178076964171,0.462429033749,0.0178634358086,0.89839497307,0.0174181007455,2.04823108384,0.0171007746635,3.57119928826,0.0170341873062,4.8945902439,0.0167853665906,4.95197524752,0.017446483714,5.01791,0.0173104086967,0.0293731238067,0.0266356808012,0.0625414008755,0.0255755754476,0.193112183819,0.0253375646093,0.418695269987,0.0243221452025,0.840950420168,0.0240931672529,2.01656854839,0.0242513641324,3.58096785714,0.0239916990547,4.9757761194,0.0234723265421,4.96592574257,0.023854229283,4.99775124378,0.0230793002377,1.96718074656,0.0211083905013,3.22504501608,0.0309170196321,3.96196837945,0.0579824317273,4.24176694915,0.0674038150445
vm1748,0.0356330173888,0.0116693389346,0.0755038882597,0.0111544433414,0.213181624387,0.0107831633203,0.420961279461,0.010231549976,0.817858544563,0.0102874616793,1.9203646833,0.0100813666287,3.35608724832,0.00998971059808,4.67427570093,0.0106260825213,4.72652358491,0.0105851936532,4.90201960784,0.0113003288396,0.0276713890426,0.0171023395813,0.0569749886053,0.0165064457026,0.17689122745,0.0161516967357,0.379867071781,0.0151339195181,0.770665639445,0.0157286210856,1.84681918819,0.0154466550302,3.29683552632,0.0148736353631,4.72608962264,0.0147777892715,4.78944019139,0.0146639782975,4.88009268293,0.0150892822115,0.0369353277932,0.0173427446628,0.0740926131733,0.0166233688515,0.210115966387,0.0164634102172,0.428493573265,0.0165334633953,0.830387551867,0.0166820752356,1.96357254902,0.0163879975746,3.43418150685,0.0159139069686,5.11390306122,0.0182488959451,5.209859375,0.0180060140087,4.92026960784,0.0165919430572,0.0282744571364,0.0243472110632,0.0567325126227,0.0239120994739,0.177190788308,0.0232504998837,0.385867669753,0.0235081454665,0.783679718089,0.0238967906899,1.85462777778,0.0226328987869,3.25976547231,0.0223673309624,4.7969569378,0.0220861345466,4.88757560976,0.0214297224901,4.85279227053,0.0215316510206,1.92685961538,0.0151586805924,3.15469400631,0.0286459652239,3.90784375,0.0557030022837,4.0965755102,0.0684718247176
u1817,0.0356807721126,0.0118155942056,0.0748616559365,0.0111791667132,0.211558375635,0.0112532775171,0.434422241529,0.0111351691424,0.839753988245,0.0105440579496,1.96919685039,0.0107447082841,3.49924825175,0.0103572412507,4.98281094527,0.0105190604422,5.15920618557,0.0111543300763,5.19661658031,0.0108480847879,0.0280354920101,0.0173220107048,0.0589586723264,0.0165985858217,0.183301319648,0.0161012607275,0.406084043849,0.016084685786,0.807865105008,0.0162292025058,1.93136486486,0.015610599438,3.47928472222,0.0150768766867,5.05988383838,0.0149423525193,5.29557142857,0.0159847348987,5.40974054054,0.0172717318088,0.0395546633969,0.0201177074113,0.0791631441463,0.0189822137013,0.218606120219,0.0177282123103,0.439468365554,0.0168675909996,0.85671489726,0.0165628892275,2.01467806841,0.0167276939547,3.55904270463,0.0164709864444,5.14829230769,0.0164065166032,5.20676683938,0.0162988183522,5.21143229167,0.0162104913356,0.0280357453251,0.025066173706,0.059086676514,0.0242252180233,0.183144295916,0.0235291640197,0.39267844523,0.022704325122,0.796989641434,0.0229629170398,1.92313653846,0.0227216832156,3.46052941176,0.0223592621576,5.07977664975,0.0224410259863,5.16884536082,0.0217091655089,5.16284020619,0.0220016060899,2.01717137097,0.0185562524355,3.42806506849,0.0302672901722,4.18084583333,0.0582139946443,4.41192951542,0.0738106133294
rl1889,0.044693779049,0.0144854349243,0.0920928262271,0.0141557974605,0.250808174524,0.0131755095588,0.48700097371,0.0124096521599,0.952108468126,0.0121795992936,2.22013968958,0.0121982458922,3.93315686275,0.0118378691921,5.80368208092,0.0125144290935,5.92899408284,0.0122045596007,5.93828402367,0.0119925885951,0.031550812431,0.0190172295755,0.0680560773105,0.0192772819277,0.212462502656,0.0189712399454,0.437025775448,0.0179789647795,0.876865907099,0.0176360798561,2.14805793991,0.0180318078546,3.86769498069,0.0178273790423,5.82570930233,0.0175258591984,5.96733928571,0.0167544985424,6.14534969325,0.0174124601696,0.0425524445768,0.0209150021961,0.092231670202,0.0209915195533,0.24915221724,0.0200887924627,0.493592300099,0.0191360365877,0.967527079304,0.0191850778912,2.31175057737,0.0196270338168,4.12204115226,0.0193885840588,5.94233136095,0.0187492687866,6.10443292683,0.0186795180723,6.00939520958,0.0181748391552,0.0322580884488,0.0284621887007,0.0689691034483,0.0289319812522,0.207999584027,0.0273451462948,0.442147656941,0.0262660485396,0.877879824561,0.0258343021003,2.10882315789,0.025157836478,3.7722443609,0.0240091954575,5.65815819209,0.02473932512,5.88757647059,0.0243617959462,5.77388505747,0.023404521731,2.2720521542,0.0156096342663,3.76785338346,0.0319617425211,4.73475943396,0.0633209649845,4.94012807882,0.0797124980073
mu1979,0.0626321162397,0.019325847908,0.120318334937,0.0182452881826,0.307977825685,0.0174972879339,0.609234470158,0.0169042716838,1.16552214452,0.017300974733,2.99760479042,0.0186433378698,5.42971891892,0.0196995252448,8.50157142857,0.0191304880148,8.81285087719,0.0181624620861,8.16800813008,0.0178834185772,0.0511118834654,0.0315679335817,0.112880933589,0.0317603387035,0.308762889781,0.0294441892648,0.633747148289,0.0300777189605,1.26549936789,0.0296412840502,3.04691489362,0.029384145446,5.54448618785,0.029419482926,8.3037107438,0.0296661722389,8.75973043478,0.029657986832,8.85070175439,0.029905173445,0.0696683851191,0.0305055672493,0.127138443936,0.0283500028349,0.318801083838,0.0281775429699,0.618581941868,0.0276970309644,1.19259117998,0.027739334258,2.7719833795,0.0282078303058,4.95056930693,0.0281471796893,7.4836641791,0.0285486311342,7.8249765625,0.0294634218202,7.8645078125,0.0292133738424,0.0528804928349,0.0488619661878,0.104133590171,0.0463009398583,0.285722,0.0460725639254,0.575293847039,0.0442248363701,1.13758522727,0.0443426747073,2.65280106101,0.0426666666667,4.80602392344,0.0438443090144,7.48167164179,0.0450961850649,7.81196124031,0.0424728616325,7.8563125,0.0414381966602,3.70532962963,0.0266713340801,5.29114285714,0.0573148211829,8.10472580645,0.0913590938157,7.94957142857,0.127946136131
d2103,0.0480391506941,0.01466181365,0.0983984059825,0.014267384791,0.274200164519,0.0133801546737,0.558705586592,0.0134695724792,1.09833699232,0.0127257606801,2.57011538462,0.0130274224226,4.58922477064,0.0144417133614,7.49423134328,0.0149307513139,7.97491269841,0.0153395560737,7.87896850394,0.0148245078273,0.0377453385672,0.0225212485643,0.0836152173913,0.0240120539788,0.255370020429,0.0245549907919,0.517089968976,0.0216887240549,1.04438830898,0.0206021137642,2.55231887755,0.021586301429,4.68272897196,0.0211142899371,7.23971942446,0.0201363819419,7.77769767442,0.0212091410392,7.89623622047,0.0214129676024,0.0504064216946,0.023974204066,0.104686485921,0.023494936917,0.29249078678,0.0222624279258,0.566841359773,0.0214172877581,1.11837430168,0.0216783004552,2.62942782152,0.0214135974304,4.61881105991,0.0207003456913,7.16295,0.020538488396,7.6709389313,0.0213632343516,7.80094573643,0.0214820304612,0.0374288868927,0.0313910600496,0.0735550161812,0.0303504810465,0.228007979936,0.0289617712647,0.487061830574,0.028549975733,0.985844334975,0.027983657936,2.47114074074,0.0294453801307,4.575456621,0.0308856048674,7.03463636364,0.0283235244137,7.59891666667,0.0276925313616,7.64317557252,0.0273838549796,3.07799076923,0.0264692694547,5.00488,0.038863627531,6.06656969697,0.0803066730908,7.403375,0.0995142800279
u2152,0.0446166235389,0.0142836554256,0.0973396924275,0.0140030526655,0.272746659395,0.013527969048,0.537030059045,0.0130869485559,1.05725052854,0.0124675967485,2.46434975369,0.0130747868835,4.44375221239,0.0121425778641,6.77685810811,0.0128891667204,7.13963829787,0.0123782910617,7.26530434783,0.0125389457318,0.0339528401182,0.0203160514394,0.0727893587597,0.0194432454503,0.223590207914,0.0194344572928,0.48141626564,0.0192497256925,0.97399805258,0.0192149184328,2.34791079812,0.0185100601573,4.34536363636,0.0186099004373,6.8312244898,0.0183605985495,7.23382733813,0.0181049353659,7.3375620438,0.0185737927192,0.0450803768652,0.0214150587832,0.0965368278791,0.0209087962866,0.270109640832,0.0202823300341,0.546166029492,0.0198953326436,1.07393133047,0.0203584894137,2.50008,0.0195495278869,4.47861607143,0.0191186884619,6.87647945205,0.0191805435679,7.28726086957,0.0187302303802,7.35348529412,0.0196778370295,0.0337599756937,0.029944782153,0.0727120628227,0.0289784693848,0.222732962138,0.0282249788315,0.476678741659,0.0276701530118,0.971525242718,0.0272207039225,2.36333490566,0.0271295678359,4.34332034632,0.0265082571239,6.74793288591,0.0256900272312,7.29702173913,0.0256760469356,7.3243649635,0.025949503075,2.90785465116,0.022610120057,4.81914423077,0.0356942818389,5.95542261905,0.0679695507374,6.1822654321,0.0850209148104
u2319,0.0485967538148,0.0144348340719,0.106159023355,0.0155893806413,0.290847048561,0.0144232616503,0.576961937716,0.0137573222909,1.13737727273,0.0131690765908,2.68894623656,0.0130906651307,4.85731553398,0.0122988353073,7.62665151515,0.014070775292,8.39211666667,0.0133721300296,8.50555932203,0.0142617302262,0.0372518532315,0.0225691168837,0.0778401961547,0.02136076044,0.24429482169,0.021012249958,0.51497476828,0.0206486681809,1.03829253112,0.0201461783311,2.53548860759,0.0202528556384,4.68497663551,0.0197245310558,7.71724615385,0.0205069518497,8.63401724138,0.019974831712,8.68460344828,0.0201394852378,0.0506670213305,0.0244669455862,0.107457661724,0.0236470713424,0.292588648332,0.0226995051528,0.584426401869,0.0216636121401,1.14649599084,0.0217183997915,2.72310326087,0.021481279402,4.88407317073,0.0205328419194,7.79114728682,0.0204328272818,8.57396581197,0.0202584324291,8.8514159292,0.0221874597857,0.0409074286182,0.0350844472512,0.0863535100596,0.0354158166879,0.268755239119,0.0352225353105,0.530552785146,0.0321612208143,1.06082608696,0.0302818253391,2.56980512821,0.0285348551862,4.7791,0.0286169409071,7.66700763359,0.0284180851971,8.57314529915,0.0274922197174,8.64567241379,0.0281935720327,3.42840753425,0.0224351288897,5.60675418994,0.038404316602,6.97924305556,0.0746779926817,7.29941605839,0.0934582242991
pr2392,0.0664772018318,0.0214372510387,0.133658380112,0.0196922531606,0.362856676343,0.0187550966822,0.719409777139,0.018061970559,1.33194540613,0.0177365648611,3.03858484848,0.0168914056958,5.6027877095,0.0172882111924,8.95900892857,0.0175873652368,10.42353125,0.0176384690008,10.4379791667,0.0174420141978,0.0474378824534,0.0294933640064,0.100499547784,0.0278968672413,0.287558654399,0.0270464650836,0.604092391304,0.0269268135064,1.23495802469,0.0269732427038,2.95277876106,0.0258895044788,5.40825405405,0.0259156710809,8.83692105263,0.0252968809289,10.3617628866,0.0246399901441,10.3503608247,0.0258122709204,0.0600826073896,0.0290725644678,0.122006221788,0.028217748307,0.341813055366,0.0289707978446,0.673293405114,0.027313276705,1.26226355612,0.0253856015028,2.89710693642,0.0232946260104,5.20104663212,0.0227038550606,8.50268644068,0.0243336577769,10.2163877551,0.026391913647,10.7078723404,0.0279948209737,0.046806178329,0.040188883977,0.0939400713883,0.037352132666,0.279484772283,0.0376286875376,0.612794730392,0.0369006642066,1.2192545676,0.0362453247318,2.95178761062,0.0378447623373,5.5807,0.0418280073616,9.30886111111,0.040502895792,10.7053510638,0.0400315439734,10.48028125,0.0344704767157,4.16360165975,0.0245068862422,6.68705333333,0.0456007933975,8.82127192982,0.0895315129812,9.11338181818,0.120756127007
pcb3038,0.0822106215061,0.0268736697839,0.176486500794,0.0258814379626,0.459246097337,0.0256528910779,0.929507434944,0.0242300889244,1.79782585278,0.0235857449468,4.27355982906,0.0235399590405,7.98546825397,0.0240206817035,13.49704,0.0242664337192,17.6659298246,0.0237565686321,17.5576315789,0.0238910576487,0.0666638890741,0.0395909972683,0.136254359673,0.039663163322,0.393597402597,0.0395983606557,0.840196473552,0.0385537049888,1.69159628378,0.0390695030474,4.18671548117,0.0382146132681,7.74913076923,0.0385003272377,13.5711216216,0.0376908755135,17.8441578947,0.036845074055,18.1173214286,0.037455410315,0.0875164085062,0.0413967794014,0.18028574004,0.0412992483687,0.461511070111,0.0400251751051,0.942034839925,0.0388026928449,1.82943875686,0.0408305977462,4.32101293103,0.0393646276177,8.10344354839,0.0391164873851,13.7015616438,0.0369250055387,17.9665357143,0.037688399789,17.994875,0.0382194916874,0.0671115361385,0.058013632672,0.135521208836,0.0568998065544,0.400033986405,0.0542965034206,0.82968159204,0.05621784349,1.69795415959,0.055339309429,4.1176872428,0.0573811463653,7.840875,0.0569303199362,13.2959078947,0.0571606744784,17.7889824561,0.0524127358491,18.09475,0.0527322294874,8.00294444444,0.0390430250264,12.2957195122,0.0739957084721,17.0308474576,0.140215507572,17.0875084746,0.172070187511
nu3496,0.110708513229,0.0368094081272,0.225286711712,0.0355573175935,0.562888013506,0.0344318424405,1.09750109649,0.0344376334458,2.14353104925,0.0334712320514,5.13525128205,0.0347550481354,9.59204761905,0.033235020438,16.8299,0.0339296328968,24.3009047619,0.0330421609119,24.3867380952,0.0338348897009,0.0865966401108,0.0545768936913,0.170917450009,0.054555919258,0.474007582938,0.0536429222765,0.998424151697,0.0517503104947,1.99435458167,0.0524421080231,4.86710194175,0.0528521748322,9.15513636364,0.0486550231087,16.139516129,0.0496368690128,24.1213333333,0.0536472828711,24.7654878049,0.0509128442702,0.116741653047,0.0572477100985,0.228220219078,0.0565950993153,0.564850931677,0.0562600843882,1.10564972376,0.0542339606269,2.159,0.0560351339236,5.18275773196,0.0531918514973,9.65227884615,0.0540878360106,16.9969491525,0.0533609199082,24.9388536585,0.0526414697057,24.937097561,0.0512835897436,0.084891435362,0.0802474524593,0.169719497709,0.0776962939943,0.468245318352,0.0741251945742,0.981453385672,0.0715492594977,1.94509320388,0.0728615664845,4.75667298578,0.0708846835353,8.98240178571,0.0682237003684,15.9726031746,0.0706418479797,24.2781666667,0.0677798563102,24.3257380952,0.0682843291226,10.9267608696,0.0509634593823,17.322137931,0.101507409663,27.0603157895,0.177218639263,26.6466315789,0.236125118036
fl3795,0.103451949933,0.0321010817578,0.214117747806,0.0328945429427,0.568537805571,0.0312699499687,1.12528571429,0.0308668744984,2.18250326797,0.0299339360014,5.24441884817,0.0289655022593,10.0016831683,0.0286767033723,17.7662982456,0.0289807569698,26.8549736842,0.0290786856644,27.028027027,0.0291327565111,0.07561731569,0.0467444491189,0.158247626582,0.0452821499728,0.474389758179,0.0439189319749,1.00929566095,0.0431825718974,2.02681174089,0.0437200751945,5.004465,0.0408940459639,9.61257142857,0.0414903538979,17.2584655172,0.0429273695055,26.9127894737,0.0411675106006,27.0156578947,0.0428993608168,0.0995989443283,0.0477061826162,0.202338863039,0.0451657558376,0.54797369863,0.0458245967742,1.10847397564,0.045149577859,2.18856017505,0.0446655203216,5.27667368421,0.0449658273381,9.9629009901,0.0430832794796,17.6596140351,0.043165105538,27.0275675676,0.0423079494014,27.2804864865,0.0435821493942,0.0766873466258,0.0684779869908,0.156245430401,0.0628741276328,0.472161945231,0.0633718631179,0.996571713147,0.0622339909142,2.01407444668,0.0625516982548,5.02867336683,0.0612096339821,9.61016190476,0.0593577279202,17.2878275862,0.0583499241452,26.9112368421,0.0602979801025,27.1841081081,0.0579457126304,12.1121204819,0.0533477727394,18.251,0.088593373494,23.7277674419,0.15813598988,24.9843414634,0.187266853933
fnl4461,0.117470339481,0.0362616215824,0.24427234978,0.0354574336064,0.64047759283,0.0332837410551,1.29034193548,0.0329768178071,2.55471428571,0.0326518431449,6.15242944785,0.0325574800586,11.6700465116,0.0316640491419,21.2575416667,0.0324784514956,35.9743214286,0.0325034778652,36.90575,0.0333853575482,0.093581789257,0.054838286905,0.188438100622,0.0530686160051,0.556446607341,0.0511661806089,1.15906720742,0.0514910663715,2.34813849765,0.0514776588078,5.87510526316,0.048375870743,11.4047159091,0.0481694523385,21.084125,0.0482541015248,36.4801785714,0.0504242133925,37.2961851852,0.0503867587041,0.122447355534,0.0563485659548,0.242253875969,0.0530225332697,0.657836949375,0.053945355486,1.31235170604,0.0528617189978,2.56012276215,0.052414360587,6.23504968944,0.0518047554911,11.937797619,0.0509157884018,21.425212766,0.0490114193295,36.87625,0.0525465293469,37.2111851852,0.0519367956375,0.0886117313486,0.0797940801021,0.188854229607,0.0762803966438,0.560705717489,0.0737155388471,1.18084651712,0.0749027039173,2.35315764706,0.0710692914505,5.89717647059,0.0705394597644,11.5066321839,0.0703704876504,21.513106383,0.0678445152975,37.1657407407,0.0696139923425,38.2456296296,0.0708968524032,15.9634603175,0.0536449951722,25.4689,0.0982552564354,34.1253666667,0.203677596741,36.4393928571,0.259404928664
ca4663,0.0892634115862,0.0271316910388,0.191559279831,0.0262912241035,0.53738205266,0.0260164420625,1.08113837838,0.0254486321415,2.10434243697,0.0250148335293,5.13848717949,0.0243294406734,9.79047572816,0.0248779013359,17.8109473684,0.024453782951,31.151969697,0.0253889001726,32.411,0.025905989327,0.0714248982216,0.0400942586801,0.153767835178,0.0398594204632,0.454730454545,0.0386963200867,0.964770491803,0.0375246153846,1.96173137255,0.0374598816302,4.88662439024,0.0360618080848,9.52317924528,0.0363263467616,17.6183684211,0.0358716191979,31.0954242424,0.0357977447646,32.311516129,0.0363928961351,0.0886988913525,0.0417639590729,0.193999612027,0.0413912251656,0.530521485411,0.0408120230176,1.07394957082,0.0393493743606,2.10685263158,0.0393369522461,5.13525641026,0.0392855234728,9.83612745098,0.0387748352074,18.1224821429,0.0384042013902,31.51159375,0.0382615932048,32.3123548387,0.0381057424837,0.0687334203835,0.0608568646543,0.153192555147,0.0586928043198,0.457543915828,0.0567127870712,0.973739299611,0.0565091258405,1.97683596838,0.0555552469307,4.96142079208,0.0551434243176,9.61861538462,0.0528569238901,17.6858245614,0.0530174954936,31.38809375,0.0530450350095,32.4940967742,0.0533311823369,13.2346973684,0.0320277030489,21.9462608696,0.0756902815622,26.8461315789,0.146407553799,27.3912432432,0.173747394024
rl5915,0.127071909541,0.0355385380761,0.282475854278,0.0383855366191,0.760885931559,0.0355629800853,1.51029713424,0.0350400504573,2.96217159763,0.0344046652446,7.2967173913,0.0342995026582,14.0539583333,0.0350223436296,26.2835384615,0.0364069826707,50.5874,0.0362195581311,57.7205,0.0352896566327,0.0986587411208,0.059513241683,0.214885689729,0.0573197294509,0.64667032967,0.0563432869457,1.36084489796,0.0531447095711,2.75413186813,0.0537751129275,6.96031944444,0.0520600239471,13.5656621622,0.0504337805124,26.191,0.0532665636983,51.40635,0.0547595006023,57.8404444444,0.0519028390512,0.127326330532,0.0586606640075,0.284700825505,0.0592125051809,0.768716372022,0.0573484144733,1.53567791411,0.0561806179775,3.02296374622,0.0559110576923,7.42185925926,0.0547987286975,14.2884857143,0.0535793506215,26.7857894737,0.0540589221039,52.0481,0.0548958664983,58.7202222222,0.0560897414325,0.0967286004449,0.0853202251983,0.22178398758,0.0877223684211,0.657282522996,0.0864917848495,1.39701536313,0.0892493529674,2.85305128205,0.0856356396643,6.97144444444,0.0778215564202,13.752260274,0.0761895474631,25.697025641,0.0727401803899,50.427,0.0728066982162,58.8648823529,0.0753246459777,24.3225238095,0.044221190413,39.0435,0.108520781335,48.1222380952,0.208688021703,51.8039,0.272063928183
rl5934,0.134559337998,0.0395748545649,0.290334397678,0.04056029203,0.765579188982,0.0385312680615,1.52038753799,0.0363166400349,2.99931736527,0.0357113166446,7.24510071942,0.0356733135947,13.9032916667,0.0343849671629,26.4978421053,0.0355125355114,50.92065,0.0337690541316,56.8341666667,0.0347270549016,0.098999010097,0.0570859018265,0.218315433312,0.0567712436851,0.632252212389,0.0554127001718,1.36199727891,0.054736029774,2.76277071823,0.0552486740331,6.90202068966,0.0521776583533,13.5032266667,0.0514554154875,25.7631025641,0.0510576432145,50.8527,0.051639762458,57.6416111111,0.0508839871775,0.124882242757,0.0620402630436,0.28667927773,0.0616517477344,0.75169646882,0.0597087413422,1.50529924812,0.0558984348798,3.01744578313,0.0581962290503,7.39968382353,0.0576359863985,14.1515352113,0.0546581766506,26.5021842105,0.0534018476984,51.0377,0.0535652150624,57.3842777778,0.0527645755289,0.0944702937565,0.0848921052632,0.210697703813,0.0814096385542,0.624030567686,0.0778922034426,1.33649799733,0.0785407994974,2.7377704918,0.0802581861958,6.8703630137,0.0763838221815,13.50236,0.0746499701403,25.578775,0.0756297164461,50.5585,0.0766368304085,61.0666470588,0.0888623600498,26.0972820513,0.056271550754,39.3092307692,0.109366211044,49.1225714286,0.211277989016,49.3056666667,0.250868071232
tz6117,0.138655483155,0.0400236532458,0.292275277615,0.0360244605353,0.780647150664,0.0363700901949,1.58844126984,0.0353182412149,3.20161341853,0.0382271788991,7.75921705426,0.0381570894383,15.1601212121,0.034627341667,28.9770857143,0.033937690898,54.5766315789,0.0351095390233,61.4522352941,0.0385587044534,0.113015142954,0.0634285261289,0.232926641826,0.0594782608696,0.66768024032,0.0573784497103,1.39536959554,0.0548921945329,2.84833522727,0.0551606266203,7.11333333333,0.0520028601144,13.853109589,0.0502340885116,26.1923846154,0.0524045485511,51.9134,0.0511807154921,61.4740588235,0.0544668845316,0.13819510847,0.0617753891772,0.292171487,0.0578131575905,0.801628205128,0.0585873220458,1.64409195402,0.0616357697522,3.19695527157,0.0591352965525,7.75834883721,0.0555859040631,14.957641791,0.0553976290716,28.4879166667,0.0564786513046,54.8389473684,0.0566168478261,60.3245882353,0.0539066896663,0.100607444668,0.0856539614561,0.230204189687,0.0918276400367,0.680789652825,0.0887089505899,1.44794500724,0.0901070173858,2.9815922619,0.0912935000913,7.38996323529,0.0887944414846,14.2986714286,0.0796643033538,26.6018684211,0.074319411415,52.7311052632,0.0761469580446,61.055,0.0768049923195,25.8045384615,0.0583419287089,41.9852083333,0.113775312856,50.0171,0.218502731047,52.8555789474,0.264598783391
eg7146,0.160293797083,0.0493141180532,0.353681400283,0.0469728498285,0.935550982226,0.0457597693786,1.89378638941,0.0424958354581,3.73280223881,0.0453751985117,9.5392,0.0483958766878,18.3985454545,0.0459900202355,34.3787333333,0.0449029679853,70.2972,0.0427576962545,90.8395,0.0484144759138,0.135652061856,0.090494796851,0.304154501217,0.0777867921593,0.860420464316,0.0702926126379,1.73703819444,0.0684518822724,3.54398586572,0.0677772958319,8.90166371681,0.0670870061045,17.5580862069,0.0689828240326,35.4389655172,0.0757782071683,73.0808571429,0.0803958517566,96.2583636364,0.0773046536797,0.19478846903,0.0881184245308,0.390279360125,0.0783126076742,1.02449027636,0.0820901329831,2.07600829876,0.0821247433686,4.11101229508,0.0831541659737,9.91426732673,0.0862411176268,19.3007115385,0.0775043013253,34.7638965517,0.0708443610088,70.8698,0.0691302364164,88.2653333333,0.0669551419389,0.123552384482,0.115611721188,0.281788109327,0.114472816756,0.823606584362,0.12133851007,1.88724670433,0.133084885577,3.89322957198,0.126545362521,9.40396261682,0.119021304451,18.4716909091,0.11364125,35.2267931034,0.11024537037,72.9647857143,0.10860979583,98.1590909091,0.126707715697,42.3768333333,0.0885668231335,65.3710625,0.16278108724,85.0341666667,0.29405085244,85.2100833333,0.382239205197
ym7663,0.162703757931,0.0483689480048,0.363947962154,0.0462856746124,0.955170009551,0.0448102791594,1.92878805395,0.0451056785891,3.84243678161,0.0453935996369,9.55417142857,0.0459361506661,18.4439636364,0.0435606568803,34.8143448276,0.0439956885174,72.1855,0.0424966217652,95.5763636364,0.0457644609189,0.127902161402,0.0735043733921,0.281442881261,0.0706494524903,0.810119838057,0.0683588762048,1.76156866197,0.0698268398268,3.56466548043,0.0687542110691,9.04724324324,0.0677781241529,17.98975,0.0697464778909,34.4449,0.068279052301,72.4552857143,0.0652825902474,99.8732727273,0.0741476236376,0.189118570348,0.0917191598643,0.395124456736,0.0797306864387,0.98984470821,0.0746277143497,1.96316078431,0.0744328247116,3.85263846154,0.0731161804489,9.44586792453,0.0704540331103,18.3690181818,0.0696982854753,34.8254482759,0.0709305624512,73.0648571429,0.0700948342328,95.6358181818,0.0688565034772,0.125301716577,0.109644995066,0.281221034871,0.104795452164,0.810861426256,0.100824780724,1.73029065744,0.0995234872611,3.52275,0.0994087475149,8.98410714286,0.101147567513,17.5988421053,0.0966576454668,34.0716666667,0.0971822952094,72.2605,0.0932097119955,96.8944545455,0.0940897544454,39.3745,0.0702402191473,63.80175,0.136368011999,78.2483846154,0.257555240793,84.207,0.342381033893
pm8079,0.230810293099,0.0707595698012,0.476604097189,0.0657352921843,1.20785869565,0.0642622245068,2.3858047619,0.0637355003187,4.69493457944,0.0638707926167,11.40925,0.0617597579051,22.3014666667,0.065623006759,42.4045,0.0650649316851,90.2725833333,0.0649038811007,124.163222222,0.0649993500162,0.174502530099,0.108000323939,0.368033112583,0.102509327593,1.0179491353,0.0975921553322,2.21537831858,0.108586644951,4.45960888889,0.11371423698,11.37925,0.11192424751,22.3849333333,0.113109816784,43.5533478261,0.114521415483,93.4101818182,0.106914154372,130.17075,0.108580130293,0.2404125,0.112855015232,0.506121396055,0.121878854357,1.25331038798,0.115344867359,2.5007225,0.109761716606,4.86348058252,0.1057261867,11.8077882353,0.105498575799,22.9648409091,0.10651539035,43.826173913,0.101962785481,91.5047272727,0.0954789956082,125.10775,0.099780582718,0.170975722346,0.163308785108,0.369733826248,0.151004227691,1.0021743487,0.148511731512,2.14143589744,0.143391023803,4.31849137931,0.139287047354,11.1718444444,0.139495885061,21.7782826087,0.144983328501,42.134875,0.132043174016,90.5019166667,0.133882730924,124.655666667,0.136422940535,54.5947894737,0.0993079443893,85.9971666667,0.196218124755,111.948555556,0.351649437412,113.353333333,0.465024174802
ei8246,0.201101950533,0.0613757824966,0.42750982906,0.0578764396088,1.13308607022,0.0577781950543,2.26230022573,0.0558736730361,4.48129910714,0.0560575704916,10.5676842105,0.0502268206931,20.5695510204,0.0490220599049,39.3603461538,0.0477259580967,83.1857692308,0.0506176545022,123.936,0.058105281506,0.159544903493,0.100221888154,0.362931059507,0.0971742299096,1.03416442606,0.0912367484719,2.09221966527,0.0863689437775,4.25166949153,0.083762124131,11.0532747253,0.0881330513702,21.8768043478,0.0844622466216,42.1289166667,0.0841689251746,90.1566666667,0.0824210829968,124.773888889,0.080995869442,0.197130297654,0.0955582417582,0.447470693512,0.0904987330317,1.18580687204,0.0920845303867,2.3691891253,0.0926816496756,4.70639906103,0.0871341814063,11.3308764045,0.0907944434356,22.3161555556,0.0895457068672,42.1695,0.0853981212639,88.649,0.0836159698997,129.3,0.102743655605,0.181062635771,0.174464945937,0.415396179402,0.221761915318,1.10453311258,0.189446296647,2.24711210762,0.161421307506,4.51014414414,0.160395766517,11.5605632184,0.172646124633,22.9108409091,0.170347811276,43.9366521739,0.163479319928,95.5480909091,0.162218329278,131.994375,0.1592693104,58.9321666667,0.0988267615377,91.3631818182,0.205677498972,128.434125,0.422000421941,128.128625,0.53504975923
ar9152,0.12147273169,0.0349511044317,0.275920551724,0.0335924955491,0.728600873999,0.0332649524316,1.51149697885,0.0321755148005,2.99646107784,0.0332181365222,7.50554477612,0.0354773831908,15.0402985075,0.03514772248,28.7037428571,0.0342354330709,64.11875,0.036374327077,93.1242727273,0.039736668521,0.104345054257,0.0638397701883,0.243567705796,0.0601459674024,0.697179790941,0.0591734319527,1.50957466063,0.0577527142527,3.132425,0.0590568711983,7.97018253968,0.0578881620839,16.1375873016,0.0584151527542,31.0182424242,0.0583174714252,68.0984,0.0590497785651,100.1411,0.0606633909615,0.151198518295,0.0692162929125,0.330538334435,0.0653461186618,0.865017286085,0.0639518449831,1.76391181658,0.0650164488655,3.52656690141,0.0645401742498,8.70502608696,0.0649287105571,17.2272372881,0.0635872702995,33.0531935484,0.0648046788931,72.6097142857,0.0649544686932,105.8453,0.0657655530712,0.115902328815,0.11025002756,0.276536356096,0.103371407897,0.767615502686,0.101927224544,1.63858101473,0.10017660022,3.41153061224,0.0970344459538,8.64987068966,0.0933930706014,17.0979661017,0.0905697337439,32.9068709677,0.0923199778434,73.9498571429,0.0938204334365,109.0516,0.0951874167143,44.6601304348,0.0638488060273,75.1266428571,0.131942084433,90.9591818182,0.26126907001,95.55,0.304024620061
ja9847,0.278425111359,0.0868757710017,0.573924842226,0.0819820462371,1.46507027818,0.0809063106796,2.96482248521,0.080742047473,5.78331791908,0.0769599846095,14.202084507,0.0761307856273,27.7925,0.0769251538462,54.2972105263,0.0785523525253,118.004222222,0.0761420740064,178.280333333,0.0790897658969,0.20679280397,0.13759713814,0.477191316794,0.129891154695,1.24923845194,0.12848978543,2.65150529101,0.127637013401,5.39105376344,0.118471981993,13.5845675676,0.114810792193,27.0117631579,0.115958835807,52.9584736842,0.110296790559,117.133111111,0.110992674806,176.6355,0.117083245522,0.277945525292,0.132310531887,0.590209439528,0.130171547573,1.44488600289,0.11802844329,2.93963049853,0.120787897089,5.85933918129,0.124111442045,14.3505571429,0.117312375367,28.05875,0.124984503874,53.9893157895,0.11592639388,118.519333333,0.115172981688,180.205333333,0.122114041514,0.22093218467,0.247333086053,0.460749884846,0.217879302832,1.23162192118,0.200297816944,2.64559630607,0.186013573819,5.34329787234,0.186500372995,13.5557702703,0.186881143711,26.985,0.182237062682,53.7123157895,0.194749951315,119.634555556,0.198158113731,185.276333333,0.187812769953,85.6040833333,0.111599598259,130.24825,0.272203592814,177.3355,0.477162613257,179.929,0.656300524934
gr9882,0.260927211062,0.0787484841326,0.567771282633,0.0778803052722,1.43433094556,0.073628754417,2.9036173913,0.0755892668178,5.71051704545,0.0739823925427,14.1426197183,0.0733358756233,27.3702162162,0.0738885030294,53.0018421053,0.0734418741279,114.799666667,0.0739339790034,175.125833333,0.0723858125226,0.200205205205,0.126979433795,0.459011473153,0.126491525424,1.229,0.120971210838,2.62617585302,0.117712806026,5.32213297872,0.112489653621,13.46468,0.112432602586,26.771,0.109990211175,52.27785,0.115115344768,115.501666667,0.114204978874,175.453333333,0.108139922145,0.274162280702,0.124524218653,0.579174290677,0.11825292657,1.46039270073,0.118432970156,2.94607058824,0.119948062852,5.74945977011,0.113522420252,14.2168450704,0.114277339733,27.7275945946,0.114135896851,53.1099473684,0.119843499101,115.740777778,0.110639451267,175.6445,0.117410542381,0.201161102172,0.210450031559,0.459778850575,0.203580297171,1.2363868974,0.183944638587,2.58879844961,0.179906278108,5.21796354167,0.171601646938,13.2735131579,0.174785914016,26.6003684211,0.164739581618,52.4453,0.168820222822,114.916333333,0.15914401655,175.647666667,0.158459673586,77.9103846154,0.110293481857,126.244,0.234564727955,162.693571429,0.461387453875,170.028666667,0.661583994709
kz9976,0.334618266979,0.112574178298,0.668977257525,0.106463110827,1.5759480315,0.106700917627,3.08615076923,0.106989943297,6.01591017964,0.107362855609,14.6132463768,0.103266831888,28.8392857143,0.105771655209,56.5558333333,0.111712578195,124.448888889,0.107836424412,191.0835,0.10984645799,0.273907696522,0.202635332253,0.564887634105,0.208797286013,1.3934735376,0.20661714876,2.8385184136,0.196565055031,5.71890285714,0.196288714426,14.3631285714,0.196813619366,28.3859722222,0.185324314307,53.9586842105,0.176417357559,124.410111111,0.17437848675,191.213166667,0.166450066578,0.370836855766,0.19597334901,0.689967586207,0.180902858177,1.59603668262,0.186430089485,3.10959006211,0.188702830189,6.06477575758,0.178400214018,14.7740735294,0.181124411445,28.6361714286,0.177377084072,55.9082777778,0.166120431894,122.901666667,0.180361045987,189.258333333,0.17915621641,0.278052265777,0.364609329446,0.532913159297,0.308842186535,1.36549795362,0.329957109865,2.78091666667,0.278508493456,5.61210055866,0.280035564268,14.3171857143,0.244400293255,28.0176666667,0.248111138675,54.8500526316,0.23764932288,121.986333333,0.234910307584,191.080666667,0.222041740675,92.8664545455,0.102918699187,141.0265,0.307911022167,210.3624,0.57501091954,225.9966,0.854315115286
fi10639,0.374680029974,0.119978286948,0.75520754717,0.117481263949,1.76832155477,0.117762246821,3.4128707483,0.108129311277,6.6252384106,0.108286518679,16.3319193548,0.111201934838,31.85590625,0.109905923728,61.558,0.110672310757,136.89725,0.110303000221,212.7816,0.113861566485,0.302964264082,0.223404735314,0.630830390921,0.232777700186,1.51989361702,0.213485165422,3.04276595745,0.189944729345,6.08157575758,0.184684579871,15.1624545455,0.185982518133,30.4357272727,0.18605171131,58.9232352941,0.196441476826,132.73525,0.191895817345,213.17,0.205723307961,0.423754237288,0.223453976765,0.742956909361,0.188580237601,1.76738162544,0.181903237541,3.45600689655,0.172029755762,6.76023648649,0.186779790811,16.4146557377,0.198414484127,31.73003125,0.189328284741,61.2761176471,0.185753343239,137.01425,0.174226441387,212.4616,0.186547659019,0.3126351985,0.41859748954,0.609955487805,0.377882886286,1.4973502994,0.364274581209,3.04415805471,0.366070644217,6.1154695122,0.327868895444,15.1716212121,0.33484265149,30.3390606061,0.313231756968,59.7915882353,0.325664604363,133.5265,0.30432592818,210.9032,0.273769778264,109.1135,0.120191443336,162.732,0.364113942483,257.329,0.666798666667,272.78725,1.09525382932
rl11849,0.336292871553,0.100505829146,0.689748449345,0.0994774694121,1.71464726027,0.0944380016999,3.47060899654,0.0907814088598,6.76069594595,0.0917815912637,16.6399508197,0.0900214240706,33.1815806452,0.0941393203427,64.550125,0.0966667955534,145.084857143,0.0924118462391,234.796,0.0934378211716,0.24602804428,0.155197392924,0.538299246502,0.15502294218,1.47019530103,0.147473164258,3.07908307692,0.141385409303,6.25255,0.137805291443,15.82559375,0.137224204171,30.605,0.128074282787,61.2018823529,0.137710410355,142.209875,0.142237377329,233.303,0.147930473373,0.356160968661,0.172268469089,0.729937226277,0.166945918878,1.77508333333,0.164085315833,3.44140893471,0.130176516532,6.5484248366,0.12012024024,15.8861904762,0.117018722209,31.1223333333,0.116814157225,60.7605882353,0.116720854242,138.956875,0.122357396305,223.535,0.122642427958,0.214345263609,0.244303859306,0.472755671078,0.212019291923,1.30567232376,0.190483619048,2.86273142857,0.179001610882,5.83429651163,0.176200845666,14.8660294118,0.169850033967,30.2719411765,0.170331289389,60.0002941176,0.171334247045,136.409375,0.171733298987,222.4398,0.175079831933,102.6408,0.119209440935,166.831666667,0.233873479888,201.8014,0.4984040857,209.4718,0.665646041251
usa13509,0.279226968174,0.085752786829,0.638697956577,0.0855469632164,1.64584539474,0.0817851651946,3.33981666667,0.0737110636102,6.64712582781,0.0722517159165,16.3995245902,0.073206280653,33.0823548387,0.079770421187,64.24775,0.0780226261996,145.291142857,0.0776411490683,243.324,0.0755290030211,0.224957489879,0.135809071157,0.528281563656,0.138806384455,1.44887988423,0.130825876504,3.03426363636,0.117483670113,6.25193167702,0.118688582958,15.818109375,0.116310537334,31.59215625,0.116201487334,62.532625,0.120029404705,145.317428571,0.115225141145,246.7722,0.119869711135,0.304648796832,0.138338082722,0.650762524398,0.128817853922,1.67746901173,0.130158141351,3.37357575758,0.126518345142,6.67805333333,0.124639955135,16.7575166667,0.129027222294,33.0989677419,0.129495532824,65.5868125,0.127294551935,149.144142857,0.12331134402,244.2544,0.127826175869,0.234318181818,0.275279108175,0.564125211506,0.297199346405,1.5227869102,0.267258883249,3.03014199396,0.199631936128,6.20983333333,0.19208738237,15.7638125,0.175839985933,31.49728125,0.183485048615,62.7045,0.184110824742,144.061571429,0.174746112179,247.0094,0.173792426611,121.100555556,0.121095059336,199.683833333,0.268603651987,248.1638,0.534053924186,254.41725,0.695872739917
brd14051,0.272836879433,0.0952630024767,0.617231955583,0.0802554369633,1.5644828125,0.0792093465347,3.23825889968,0.0773729980658,6.45934193548,0.0739626506915,15.840015625,0.068340531675,31.57209375,0.0740150247946,61.2556470588,0.0748334331039,140.469875,0.0733668843078,236.9504,0.0759157367342,0.214315406042,0.127787886532,0.488175695461,0.124976505874,1.36184081633,0.120751509297,2.92188921283,0.11639858024,5.98928571429,0.1126286744,15.4225230769,0.111564033913,30.8201515152,0.109654495614,59.8973529412,0.107449339207,138.990625,0.108061594986,238.3446,0.108328531196,0.297338882283,0.13160705356,0.627205642633,0.119569823051,1.58072985782,0.117763777673,3.34492976589,0.137836250861,6.9012137931,0.135808392178,16.352483871,0.116586034041,31.39803125,0.114825008612,62.8806875,0.119099678457,145.138142857,0.134219031003,247.9428,0.134767955801,0.233298810357,0.332669660679,0.49350024667,0.227201499318,1.33969879518,0.222869177624,2.87862643678,0.184230471629,5.85010526316,0.176434191955,14.9036029412,0.17428058557,29.9817941176,0.176502294388,59.5052352941,0.164187325562,138.432,0.168494355518,235.2804,0.165793600796,118.980222222,0.10034256472,194.113833333,0.243476874391,235.858,0.522502349869,244.2864,0.731024853801
mo14185,0.527684599156,0.156685414382,0.974084712756,0.16132537506,2.30777419355,0.154076875674,4.48876681614,0.158861000794,8.81462280702,0.149009983609,21.4039361702,0.147236125423,42.337875,0.153692378611,82.7336923077,0.145099956478,190.3975,0.150427948255,325.0155,0.145141654572,0.404621763754,0.310344709898,0.80206255012,0.298726702509,1.91396940727,0.293760058737,3.97896031746,0.259898934788,8.002944,0.260501953634,20.2183,0.232747498255,40.39604,0.238861270296,79.2652307692,0.229509178522,184.014166667,0.226199728568,314.86725,0.244393450635,0.529960784314,0.286803842845,0.960633397313,0.255498211548,2.23324107143,0.263105761642,4.43181858407,0.253821319797,8.65579310345,0.241070860448,21.1807916667,0.228415486524,41.2946,0.220771743929,82.7227692308,0.223230133929,186.154,0.214261996572,316.03775,0.236241143127,0.375042744657,0.569451337507,0.776824534161,0.598947305389,1.86625746269,0.552172737307,3.87455212355,0.480674351585,7.80251162791,0.482225542169,19.6116666667,0.440429137324,39.3867307692,0.437084316295,79.051,0.369271317829,182.762166667,0.414683665008,315.348,0.316459031952,187.112333333,0.162298442064,280.18875,0.519300103842,445.7,0.921709944751,507.4695,1.50821686747
ho14473,0.406082792208,0.119137581894,0.836605351171,0.116694165694,2.10640421053,0.114596424888,4.26407659574,0.119252683043,8.6273362069,0.128172519867,20.7615306122,0.117985726082,40.99976,0.109579333772,79.7156153846,0.107599526576,184.273666667,0.106120118846,311.73825,0.111860290828,0.315408703879,0.226420873896,0.68882863042,0.205846233018,1.79489784946,0.194163431677,3.78480754717,0.177697583511,7.73903076923,0.17043560477,19.6880784314,0.173796663191,39.6306538462,0.160142994396,78.094,0.158454603074,179.840833333,0.168507666386,311.01425,0.174567987432,0.447389534884,0.199933226709,0.865065743945,0.2000132,2.05015368852,0.189310618966,4.29565665236,0.180172761665,8.53073728814,0.172942071589,20.9619375,0.176120091565,41.44204,0.167228929766,80.8659230769,0.159523368958,184.345833333,0.163566219751,309.49825,0.204345454545,0.344049191606,0.484827034884,0.757415594247,0.487663255361,1.90713333333,0.464490013934,3.99712350598,0.472025011798,8.14136585366,0.460194201565,20.5798367347,0.401366372392,41.54848,0.38424587015,81.9958461538,0.334235883729,190.848166667,0.345117667357,335.401666667,0.307140356265,207.876,0.205873198847,300.715,0.502024598394,445.715666667,0.869724347826,461.841666667,1.43352578797
d15112,0.392578100471,0.113541893733,0.845920540997,0.110042363556,2.12038983051,0.0975275989858,4.31746551724,0.0985833004732,8.5765982906,0.0967167311412,21.1300833333,0.0959469442579,41.43652,0.0969441644048,81.1705384615,0.0890016909932,191.015333333,0.100791372707,327.24425,0.0973768257059,0.313912770631,0.215522413793,0.70680565371,0.202142914898,1.86593470149,0.17531802244,3.95617391304,0.172820632452,7.93133070866,0.150648689364,20.11216,0.146534358974,40.05804,0.144641886028,78.8932307692,0.14586201867,187.016833333,0.150569858476,322.51975,0.145212138812,0.402126256534,0.177814933333,0.83811641541,0.165989211618,2.11811205074,0.158625693894,4.29940343348,0.157087653157,8.43549579832,0.154707611386,21.1197916667,0.157094250707,43.0112083333,0.162617723577,86.7583333333,0.176450070572,196.0745,0.167072001336,330.22075,0.158226230027,0.312121410737,0.431114655172,0.684833675565,0.425467035304,1.82980438757,0.333776776777,3.8719034749,0.296870881567,7.8687890625,0.286240984545,20.1091,0.250422383575,39.8248076923,0.232602325581,78.2677692308,0.219337719298,185.071833333,0.230840951062,331.49275,0.262464182629,201.8208,0.134693602694,328.275,0.549676373626,498.376,0.977635386119,529.756,1.61450645161
it16862,0.598292464115,0.180596966414,1.14450114416,0.167098897427,2.68709651475,0.16719913058,5.25220418848,0.14465644438,10.3140927835,0.147084558824,24.6222926829,0.132374189279,48.4667142857,0.128636866478,95.2267272727,0.120390995546,220.7184,0.116129354389,379.415333333,0.120658021713,0.371367991088,0.252597878252,0.806526612903,0.248900721573,2.10236764706,0.222698953462,4.51155855856,0.238725232752,9.26339449541,0.232639451035,23.4828139535,0.235301340861,47.1734545455,0.234632097607,93.131,0.237353820598,218.9642,0.226616134149,385.452,0.232690553746,0.540914548405,0.272574659401,1.05605385428,0.247273356401,2.48897263682,0.240972048193,4.99774626866,0.206023682043,9.88334313725,0.217895642702,24.5526341463,0.218697923497,48.8792380952,0.217077707836,97.5846363636,0.210708386009,221.1238,0.206021013597,381.237,0.204013055896,0.358068385249,0.557493311037,0.815560717196,0.533863927428,2.13537739872,0.514515946502,4.44828,0.411138044371,9.07018018018,0.390979671618,23.16575,0.39720929309,46.6968636364,0.405039287161,91.8893636364,0.310948104413,216.609,0.330480502313,391.315333333,0.324524010383,234.6872,0.167970104132,367.112,0.497582089552,478.676666667,0.937406747891,550.6785,1.68040268456
d18512,0.479035440613,0.153739778666,1.038894081,0.142425092566,2.5961761658,0.124644148074,5.26156544503,0.125081676048,10.4508333333,0.117154287723,25.9471282051,0.120756942767,51.2835,0.1223587422,102.9847,0.124156921167,244.3946,0.130699986933,443.767333333,0.137451896647,0.431141810345,0.436908693753,0.983569321534,0.396997221119,2.42488135593,0.325606770833,5.08887817259,0.259579029328,10.2886326531,0.212045367819,25.0481,0.198222200198,49.9563333333,0.187259689197,99.2366363636,0.185496011872,236.2744,0.202851724138,420.689333333,0.216790637191,0.52995018548,0.241102941176,1.05562447257,0.226991375397,2.63690789474,0.214771097273,5.3480802139,0.210063011972,10.5488315789,0.209735738255,25.7421025641,0.19981958042,51.27045,0.190727498093,101.8523,0.192449317176,240.8922,0.196176343664,421.089,0.208755008347,0.368571481209,0.60941377209,0.803448995984,0.538905711207,2.11165189873,0.441880742049,4.55511363636,0.439692307692,9.1757706422,0.381075428571,23.4472325581,0.331281218947,47.3062272727,0.316574865464,94.2822727273,0.315587882613,226.2352,0.321716950788,414.811,0.2926722271,258.507,0.19574593854,408.448666667,0.475714217784,501.204666667,0.930227695167,527.2745,1.35757530529
vm22775,0.528190601901,0.173963124022,1.10834330011,0.156499687011,2.78225555556,0.150728711379,5.67052542373,0.138955814923,11.2155111111,0.143316709659,28.4619166667,0.1408927867,56.3084444444,0.1337,113.362111111,0.14217116861,268.455,0.140373526109,480.391333333,0.137634099353,0.419987825357,0.37714668175,0.960773294909,0.379805998481,2.40632692308,0.311016169154,5.00937,0.243664717349,10.3464226804,0.258678737713,26.3282820513,0.228187999087,53.0286315789,0.221047524315,107.817,0.226791704442,262.3925,0.248667329687,469.707666667,0.278226981919,0.570813926941,0.326149331594,1.12106270997,0.263513306983,2.78106111111,0.265401539278,5.65851412429,0.234599343186,11.347258427,0.244330564378,28.1320555556,0.227915223336,55.3597368421,0.22796033736,110.513,0.225973339358,262.9995,0.218083733101,471.394333333,0.241092815815,0.419050272308,0.734410425844,0.88036971831,0.705841213832,2.30999769053,0.650199480182,4.90913235294,0.597843992827,10.02935,0.614138735421,26.1809487179,0.573846815835,52.39845,0.539542071197,103.1399,0.498080677291,249.9054,0.503647532729,472.260333333,0.346944849116,338.546333333,0.187046007107,565.5365,0.701538192011,704.87,1.07994384449,712.821,1.54370524691
sw24978,0.601229567308,0.164900412201,1.22699631902,0.179268686144,3.03238787879,0.182962129528,6.1819691358,0.159583532791,12.3534634146,0.154784708249,30.891969697,0.140464325843,61.5793529412,0.138813185288,121.418666667,0.143720321932,289.88825,0.144331360947,534.3735,0.160924859212,0.509317718941,0.49984107946,0.998469061876,0.406708011387,2.56376982097,0.365047810219,5.66546327684,0.3281833388,11.6294827586,0.314276869893,29.8288529412,0.317985060394,60.0574117647,0.293489143192,119.079444444,0.256241096592,286.4285,0.265305039788,528.659,0.330596827495,0.637687699171,0.3975,1.23416892725,0.349409710094,3.04299392097,0.314008477237,6.32166037736,0.301853908844,12.6199625,0.302484271022,30.9309090909,0.301310937029,61.4559411765,0.275081133113,123.027555556,0.265275066313,293.791,0.261109660574,538.417,0.302453885697,0.499460808787,0.933865671642,1.0062665996,0.848910016978,2.56829487179,0.825090684254,5.55860555556,0.789279400158,11.4744886364,0.781609375,29.7649705882,0.835885547201,59.6632352941,0.749451685393,115.975,0.641619627967,281.529,0.68337568306,545.197,0.483251690821,423.877,0.180495036997,678.9575,0.683833902939,836.969,1.1259640045,878.02,1.77017699115
bm33708,0.799426517572,0.276950706176,1.49095529061,0.270456462953,3.59602150538,0.243811067772,7.32054014599,0.205619732785,14.614057971,0.195500977326,36.37625,0.156921700926,72.9509285714,0.173364361241,144.708714286,0.181847454545,357.074333333,0.167648952221,660.424,0.188956168524,0.608902617164,0.678630257802,1.22719141104,0.657905263158,3.125003125,0.624614615865,7.2065971223,0.667372915277,14.8571764706,0.646824822237,36.0295714286,0.516668904959,72.8746428571,0.548276315789,146.498428571,0.521159375,356.248666667,0.523664397906,669.5815,0.602808921037,0.821305418719,0.610264795607,1.53731797235,0.584469316189,3.71769144981,0.57326991404,7.55409022556,0.486891431353,14.9670895522,0.501181362725,37.3256296296,0.448833034111,74.1297142857,0.474653061224,150.273142857,0.42824015411,361.650333333,0.421975527426,673.508,0.521722483046,0.633455351488,1.27080837563,1.22891646192,1.24538480697,3.09341049383,1.12293378227,6.60552631579,1.07973786408,13.6216621622,1.14373371429,35.5586551724,1.11862011173,71.2545333333,1.0895708061,142.88775,1.07140364026,348.270333333,1.07250696677,689.9615,0.791204743083,684.284,0.196236805964,1129.161,1.10235022026,1400.98033333,1.43561262554,1521.3205,2.48479652605
ch71009,2.3604504717,1.08911425462,3.81324714829,1.04686820084,8.99658035714,1.05100630252,18.5700555556,0.963437379576,36.8378928571,0.941079021637,90.81075,0.796056483691,181.400833333,0.775478294574,363.797,0.717308243728,908.025,0.699493006993,1741.5162,0.739401330377,1.87979887218,2.52498740554,3.14780188679,2.53046969697,7.8299453125,2.44163902439,16.88135,2.42802912621,33.6167,2.43540632603,85.3125833333,2.09162421712,173.373166667,2.11989006342,348.960666667,2.16784632035,891.547,2.00892168675,1740.9222,2.04660736196,2.31079445727,2.13021914894,3.83349425287,2.05458726899,9.09493636364,1.97367455621,18.4864,2.03477642276,37.3076296296,2.12005508475,91.7245454545,1.82230601093,181.288333333,1.88234774436,363.144333333,1.89191115312,921.098,1.75509122807,1836.9256,1.77703730018,1.88981132075,3.94644488189,3.4276130137,3.9806547619,7.9783968254,3.77452075472,16.79855,3.71828996283,34.4382,3.78498867925,88.7145833333,3.68859926471,178.2065,3.50263986014,355.158666667,3.60330215827,962.137,3.72282899628,1900.855,3.85451923077,3930.96266667,0.62659085213,6536.634,3.62473188406,10909.4305,4.5494,11369.8785,7.6461221374
